...escobar,Closed venues,http://leedsbeer.info/?p=765,2012-11-30T21:58:52+00:00,...It's really dark in here!,http://leedsbeer.info/wp-content/uploads/2012/11/20121129_185815.jpg,53.8007317,-1.5481764,"23-25 Great George Street, Leeds LS1 3BB",0113 220 4389,EscobarLeeds,2,3,3,3,"food,live music,sofas"
"""Golf"" Cafe Bar",Bar reviews,http://leedsbeer.info/?p=1382,2013-04-27T14:44:22+00:00,"FORE! You can play ""golf"" here and enjoy a nice bottled ale. ",http://leedsbeer.info/wp-content/uploads/2013/04/20130422_204442.jpg,53.7934952,-1.5478653,"1 Little Neville Street, Granary Wharf, Leeds LS1 4ED",0113 244 4428,GolfCafeBar,2.5,2.5,3.5,2.5,"beer garden,coffee,food,free wifi,sports"
115 The Headrow,Pub reviews,http://leedsbeer.info/?p=2753,2014-10-18T15:48:51+00:00,A bar that lives up to its name.,http://leedsbeer.info/wp-content/uploads/2014/10/115.jpg,53.7994003,-1.545981,"115 The Headrow, Leeds, LS1 5JW",,BLoungeGrp,1.5,3,2.5,2,"coffee,food"
1871 Bar & Lounge,Bar reviews,http://leedsbeer.info/?p=1455,2013-05-16T16:10:30+00:00,"Not much going on here beer-wise, but they do serve food on a Sunday evening — quite a rarity amongst city centre bars. ",http://leedsbeer.info/wp-content/uploads/2013/05/20130506_205930.jpg,53.7958908,-1.5433109,"7-9 Boar Lane, Leeds LS1 5DD",0845 200 1871,1871BarLeeds,1.5,3,2.5,1.5,"coffee,food,free wifi"
314 In Progress,Bar reviews,http://leedsbeer.info/?p=3048,2015-03-24T20:31:30+00:00,This fashionable cocktail bar & club isn't really our scene but has surprisingly good beer.,http://leedsbeer.info/wp-content/uploads/2015/03/IMG_20150209_175103005.jpg,53.8007202,-1.5483344,"25 Great George Street, Leeds LS1 3AL",0113 397 1337,314Leeds,3,2.5,1.5,2,dance floor
360 Champagne & Cocktails,Bar reviews,http://leedsbeer.info/?p=2098,2013-11-16T21:47:20+00:00,"Circular champagne bar is nice, but with a poor beer selection.",http://leedsbeer.info/wp-content/uploads/2013/11/IMG_20131110_150923.jpg,53.7972984,-1.545344,"Trinity Kitchen, Albion Street, Leeds LS1 5AT",,360_Trinity,1,3,2.5,3,"coffee,free wifi"
51% Bourbon Lounge,Bar reviews,http://leedsbeer.info/?p=1843,2013-08-22T20:29:53+00:00,"As the name suggests, the raison d'être of this spot is bourbon, but there are enough good American crafts to keep us happy. ",http://leedsbeer.info/wp-content/uploads/2013/08/IMG_20130820_211253.jpg,53.795681,-1.5416881,"11 - 15 Hirst's Yard, Leeds LS1 6NJ",0113 322 9919,51_Bourbon,3,4,2,3,free wifi
53° North,Bar reviews,http://leedsbeer.info/?p=3517,2016-08-09T12:37:30+00:00,"A high-end cocktail nightspot in the financial district. Not really our scene, and not enough beers to get us back. ",http://leedsbeer.info/wp-content/uploads/2016/08/IMG_20160710_192730025.jpg,53.7976761,-1.5493602,"Goodbard House,, 15 Infirmary Street, Leeds LS1 2JS",0113 856 0011,53degreesLS,1.5,2.5,2,3,"coffee,dance floor,food"
Aire Bar,Pub reviews,http://leedsbeer.info/?p=1568,2013-06-05T22:02:07+00:00,"Looks like a gym on the outside, but exercise kit is about the only thing you won't find in here!",http://leedsbeer.info/wp-content/uploads/2013/06/IMAG0035.jpg,53.7948723,-1.5391223,"Sparrows Wharf, 32 The Calls, Leeds LS2 7EW",0113 245 5500,,3,3.5,4.5,2,"arcade games,beer garden,breakfast,food,free wifi,pool table,sofas,sports"
All Bar One — Greek Street,Bar reviews,http://leedsbeer.info/?p=2305,2014-03-17T23:03:33+00:00,"One of the two All Bar Ones in Leeds, and definitely the less interesting of the two.",http://leedsbeer.info/wp-content/uploads/2014/03/IMG_20140310_184308.jpg,53.7985039,-1.5490319,"27 East Parade, Leeds LS1 5BN",0113 245 2485,YourAllBarOne,3,2,3.5,2.5,"beer garden,breakfast,coffee,food,free wifi"
All Bar One — The Electric Press,Bar reviews,http://leedsbeer.info/?p=1482,2013-05-16T21:14:25+00:00,A chain bar with a surprisingly appealing selection of beer. ,http://leedsbeer.info/wp-content/uploads/2013/05/20130513_193606.jpg,53.8012276,-1.5484293,"Unit D, Electric Press, Leeds LS2 3AD",0113 244 8835,YourAllBarOne,3,2.5,4,2.5,"beer garden,breakfast,coffee,food,free wifi"
Almost Famous,Bar reviews,http://leedsbeer.info/?p=2592,2014-08-29T07:13:02+00:00,Here's something new to Leeds: an ultra-cool burger bar.,http://leedsbeer.info/wp-content/uploads/2014/08/IMG_20140826_174337.jpg,53.8007202,-1.5480624,"23-25 Great George St, Leeds LS1 3AL",,AlmostFamousLDS,3,4.5,3,3,food
Angelica,Bar reviews,http://leedsbeer.info/?p=2389,2014-05-12T18:50:41+00:00,"Atop Trinity shopping centre, this bar will delight those who love a good roof garden. ",http://leedsbeer.info/wp-content/uploads/2014/05/IMG_20140505_133542.jpg,53.7964096,-1.5433298,"Level 6, Trinity Leeds, 70 Boar Lane, Leeds LS1 6HW",0113 897 0099,AngelicaLeeds,3,4,3,1.5,"beer garden,coffee,food"
Archie's Bar & Kitchen,Bar reviews,http://leedsbeer.info/?p=3237,2015-09-21T21:57:25+00:00,Ossett complete their dominance of Granary Wharf with this disco kitchen.,http://leedsbeer.info/wp-content/uploads/2015/09/IMG_20150918_175536338.jpg,53.7936935,-1.5495384,"Arches V & W, The Dark Arches, Granary Wharf, Leeds LS1 4BR",0113 243 1001,ArchiesLeeds,3,3.5,4.5,3,"beer garden,breakfast,coffee,dance floor,food,jukebox"
Around the World in 80 Beers,Bar reviews,http://leedsbeer.info/?p=2123,2013-12-09T21:23:39+00:00,They really do have a lot of beers from around the world!,http://leedsbeer.info/wp-content/uploads/2013/12/IMG_20131129_162024.jpg,53.7994232,-1.5473208,"123 The Headrow, Leeds LS1 5RD",0845 533 3000,Leeds80BeersBar,4,2,2,2,"dance floor,food,free wifi"
Arts Café,Bar reviews,http://leedsbeer.info/?p=911,2013-01-25T21:55:09+00:00,A café bar where the food selection far surpasses the choice of beers. ,http://leedsbeer.info/wp-content/uploads/2013/01/20130119_120909.jpg,53.7955132,-1.5411516,"42 Call Lane, Leeds LS1 6DT",0113 243 8243,artscafeleeds,2,3.5,3,2.5,"coffee,food,membership discount,sunday roasts"
Atlas Brauhaus,Bar reviews,http://leedsbeer.info/?p=3638,2017-03-05T12:44:41+00:00,"Out with London, in with Munich. But is it any better than its old incarnation?",http://leedsbeer.info/wp-content/uploads/2017/03/IMG_20170116_184808.jpg,53.79776,-1.5498528,"31 King St, Leeds LS1 2HL",0113 2442906,AtlasBrauhaus,3,2.5,2,2,"coffee,food"
Atlas Pub,Closed venues,http://leedsbeer.info/?p=2203,2014-01-17T08:00:53+00:00,"A self-proclaimed ""London-style pub"". They're right, too.",http://leedsbeer.info/wp-content/uploads/2014/01/IMG_20140115_123655.jpg,53.7977448,-1.5498742,"31 King Street, Leeds LS1 2HL",0113 244 2906,AtlasPubLeeds,2.5,2,3,2.5,"coffee,food,sofas"
Azúcar,Bar reviews,http://leedsbeer.info/?p=1129,2013-02-24T18:27:51+00:00,"Food, drink, dancing and Howard Marks. But what about the beer?",http://leedsbeer.info/wp-content/uploads/2013/02/20130222_175052.jpg,53.7937737,-1.5371847,"5 Brewery Place, Leeds LS10 1NE",0113 243 5761,AzucarLeeds,2,2,3.5,2,"beer garden,dance floor,food,live music,quiz"
Baa Bar,Bar reviews,http://leedsbeer.info/?p=2364,2014-04-28T19:57:12+00:00,"A haven for lovers of rainbow-coloured shooters, but with a surprising range of craft beers too. ",http://leedsbeer.info/wp-content/uploads/2014/04/IMG_20140423_174408.jpg,53.8018265,-1.5474565,"43-51 Cookridge Street, Leeds LS2 3AW",0113 244 4213,BaaBarLeeds,2.5,2.5,2,3,"dance floor,free wifi,membership discount"
Baby Jupiter,Closed venues,http://leedsbeer.info/?p=1768,2013-07-31T21:23:49+00:00,Great beer choice and a well-executed 1960s theme make this one of the financial quarter's best offerings. ,http://leedsbeer.info/wp-content/uploads/2013/07/IMG_20130723_205926.jpg,53.7969627,-1.5521841,"11 York Place, Leeds LS1 2DS",0113 242 1202,babyjupiterbar,3.5,4,3.5,2.5,"dance floor,food,live music,quiz"
Bad Apples,Bar reviews,http://leedsbeer.info/?p=1803,2013-08-09T07:12:35+00:00,Very dark rock bar where you can get 15% off for being a wanker.,http://leedsbeer.info/wp-content/uploads/2013/08/IMG_20130803_204005.jpg,53.7963791,-1.539824,"7 Call Lane, Leeds LS1 7DH",07872 648781,badapplesbar,2.5,3,1.5,3,"jukebox,live music,sofas"
Baht'ap,Pub reviews,http://leedsbeer.info/?p=3386,2016-02-23T21:50:23+00:00,"A refurbed pub that in trying to appeal to everyone, failed to appeal to us. ",http://leedsbeer.info/wp-content/uploads/2016/02/IMG_20160130_163552883.jpg,53.7951088,-1.5454998,"11 Mill Hill, Leeds LS1 5DQ",0113 245 6540,bahtapleeds,3,2.5,2.5,2,"beer garden,coffee,food,free wifi"
Banyan Bar & Kitchen,Bar reviews,http://leedsbeer.info/?p=3506,2016-05-14T11:03:51+00:00,"Another Arc Inspirations bar. We're not going to shout about it, but it's a welcome addition to City Square.",http://leedsbeer.info/wp-content/uploads/2016/05/IMG_20160511_182454696.jpg,53.7968063,-1.5479217,"The Old Post Office, 2 City Square, Leeds LS1 2ES",0113 243 4600,banyanlds,2,2.5,4,2.5,"beer garden,breakfast,coffee,food"
Bar Camparino,Bar reviews,http://leedsbeer.info/?p=3241,2015-10-03T12:23:21+00:00,Buca di Pizza's dedicated bar space is a chilled out basement escape.,http://leedsbeer.info/wp-content/uploads/2015/09/IMG-20151002-WA0000.jpg,53.7961769,-1.5516782,"Buca di Pizza, 27 Wellington St., Leeds LS1 4EA",0113 242 3872,bucaleeds,3,4.5,3.5,2,"beer garden,coffee,food"
Bar Room Bar,Closed venues,http://leedsbeer.info/?p=999,2013-02-05T20:55:05+00:00,"This Call Lane staple is now a Pizza Kitchen, but it's still a bit too dull for us to want to come back often.",http://leedsbeer.info/wp-content/uploads/2013/02/20130204_202204.jpg,53.7954941,-1.5408111,"37 Call Lane, Leeds LS1 6DT",0113 243 0315,BarRoomBarLeeds,2,2.5,2.5,2,"coffee,food,sofas,sports"
Baracoa Luxe Bar,Closed venues,http://leedsbeer.info/?p=2961,2015-01-21T21:27:14+00:00,A Call Lane dance club for people who like Call Lane dance clubs and don't mind shitty beer. ,http://leedsbeer.info/wp-content/uploads/2015/01/baracoa.jpg,53.7946167,-1.5421361,"64-68 Call Lane, Leeds LS1 6DT",0113 245 2324,baracoaluxebar,1,1,1.5,1,"dance floor,sports"
Be At One,Bar reviews,http://leedsbeer.info/?p=3239,2015-09-30T21:06:43+00:00,A meat market for grown-ups. Average beer. ,http://leedsbeer.info/wp-content/uploads/2015/09/IMG_20150918_201517554.jpg,53.8008957,-1.5483377,"6 Millennium Square, Great George Street, Leeds LS2 3AD",0113 887 2784,BeAtOneBar,2,2.5,1,2.5,
Belgrave Music Hall & Canteen,Bar reviews,http://leedsbeer.info/?p=2015,2013-10-13T20:26:25+00:00,It's like someone reached inside our brains and constructed a place out of all our favourite things.,http://leedsbeer.info/wp-content/uploads/2013/10/IMG_20131006_182858.jpg,53.8008232,-1.5410471,"1-1A Cross Belgrave Street, Leeds LS2 8JP",0113 234 6160,Belgrave_Leeds,4,4,4.5,3,"beer garden,food,live music,sofas"
Bibis Italianissimo,Other reviews,http://leedsbeer.info/?p=1951,2013-09-17T08:19:13+00:00,"If it walks like a cruise ship and talks like a cruise ship, it's probably Bibis Italianissimo. ",http://leedsbeer.info/wp-content/uploads/2013/09/IMG_20130911_205310.jpg,53.7943535,-1.5444469,"Criterion Place, Sovereign Street, Leeds LS1 4AG",0113 243 0905,BibisRestaurant,2,2.5,3.5,2,"coffee,dance floor,food,free wifi,live music"
Bierkeller,Bar reviews,http://leedsbeer.info/?p=2043,2013-10-20T18:43:47+00:00,An authentic Bavarian bar constructed in the mind of someone who has seen Bavarian bars on the telly.,http://leedsbeer.info/wp-content/uploads/2013/10/IMG_20131015_180021.jpg,53.7991676,-1.5472162,"1 South Parade, Leeds LS1 5QL",08455 333 000,LeedsBierkeller,3,1.5,2,2.5,"food,live music,membership discount"
Bilbao Bar,Bar reviews,http://leedsbeer.info/?p=2538,2014-07-23T21:21:55+00:00,A tapas bar that actually feels like a BAR and not a restaurant. ,http://leedsbeer.info/wp-content/uploads/2014/07/IMG_20140719_195003.jpg,53.7936401,-1.5495789,"Arch U, Dark Arches, Dark Neville Street, Leeds LS1 4BR",0113 345 4323,,3.5,3.5,2.5,3.5,"coffee,food"
Bird and Beats,Bar reviews,http://leedsbeer.info/?p=2781,2014-10-26T17:59:24+00:00,"The companion bar to Bird and Beast, featuring a DJ and lots of coolness. ",http://leedsbeer.info/wp-content/uploads/2014/10/IMG_20141024_174653492.jpg,53.7961426,-1.5414344,"Central Arcade, Leeds LS1 6DX",0113 245 3348,birdrestaurants,2.5,3.5,1.5,3,
Black Swan,Pub reviews,http://leedsbeer.info/?p=2837,2014-10-30T08:06:05+00:00,The newest bar in the Sandinista! empire was a bit of a surprise for us.,http://leedsbeer.info/wp-content/uploads/2014/10/IMG_20141028_193110732.jpg,53.7954025,-1.5409023,"37 Call Lane, Leeds LS1 6DT",0113 245 7700,blackswanleeds,4,3,3.5,3.5,"food,sofas"
Blayds Bar,Bar reviews,http://leedsbeer.info/?p=2785,2014-10-29T20:40:01+00:00,This tiny bar is one of Leeds's oldest LGBT venues. Beer selection is as you'd expect.,http://leedsbeer.info/wp-content/uploads/2014/10/IMG_20141025_213418266.jpg,53.7946854,-1.5427785,"3-7 Blayds Yard, Lower Briggate, Leeds LS1 4AD",0113 244 5590,BlaydsBar,0.5,1,2.5,2.5,"arcade games,dance floor,karaoke,lgbt,quiz"
Blind Tyger Drinking Den,Bar reviews,http://leedsbeer.info/?p=2052,2013-11-03T17:04:19+00:00,"Pretension, pretension, burning bright... ",http://leedsbeer.info/wp-content/uploads/2013/11/IMG_20131029_182820.jpg,53.8009109,-1.5410269,"5 1/2 Cross Belgrave Street, Leeds LS2 8JP",0113 245 7700,BlindTygerLeeds,3,3,1.5,2.5,
Bower's Tap,Pub reviews,http://leedsbeer.info/?p=3584,2016-12-08T22:14:33+00:00,This big chain is getting in on the craft beer world. And it's getting it right.,http://leedsbeer.info/wp-content/uploads/2016/12/IMG_20161108_212257.jpg,53.7956581,-1.5423775,"157 - 158 Lower Briggate, Leeds LS1 6BG",0113 244 2275,bowerstap,4.5,3,4,4,"arcade games,beer garden,breakfast,coffee,food,free wifi,sports"
BrewDog,Bar reviews,http://leedsbeer.info/?p=1256,2013-03-17T23:12:00+00:00,"As if Leeds weren't already awesome enough, we now have a BrewDog Bar! ",http://leedsbeer.info/wp-content/uploads/2013/03/20130316_121300.jpg,53.795536,-1.5397918,"White Cloth Hall, Crown Street, Leeds LS2 7RB",,BrewDogBarLeeds,5,4,3,4,"food,free wifi,sofas"
Bridge,Bar reviews,http://leedsbeer.info/?p=2444,2014-05-28T15:15:29+00:00,Another LGBT bar with no decent beers. Such a shame.,http://leedsbeer.info/wp-content/uploads/2014/05/IMG_20140520_181435.jpg,53.7944565,-1.542061,"1-5 Bridge End, Leeds LS1 7HG",0113 258 7339,,0.5,1.5,3,2,"arcade games,dance floor,free wifi,karaoke,lgbt,sofas,sunday roasts"
Brooklyn Bar,Bar reviews,http://leedsbeer.info/?p=1596,2013-06-09T21:38:19+00:00,"Not the best beer in Leeds, by any means, but quite possibly the best beer on Call Lane. ",http://leedsbeer.info/wp-content/uploads/2013/06/IMG_20130605_175008.jpg,53.7951813,-1.5412519,"50 Call Lane, Leeds LS1 6DT",0113 322 9919 ,,3,3,2.5,3,"beer garden,food,free wifi,sofas"
Brooklyn Brewery Popup,Closed venues,http://leedsbeer.info/?p=1997,2013-09-26T21:21:06+00:00,Here for 6 weeks. Drink all the beer and fast!,http://leedsbeer.info/wp-content/uploads/2013/09/IMG_20130926_202545.jpg,53.7950249,-1.5397596,"20-24 The Calls, Leeds LS2 7EW",,BrooklynBrewery,4,3,2,3,
Browns Bar & Brasserie,Bar reviews,http://leedsbeer.info/?p=1738,2013-07-15T21:35:44+00:00,"Part of a southern chain that seems to have left the north behind. Should be posh, but really isn't.",http://leedsbeer.info/wp-content/uploads/2013/07/IMG_20130714_203916.jpg,53.7997246,-1.5468407,"The Light, The Headrow, Leeds LS1 8EQ",0113 243 9353,BrownsLeeds,1.5,2.5,2,1.5,"coffee,food,sunday roasts"
Bundobust,Bar reviews,http://leedsbeer.info/?p=2524,2014-07-19T21:33:54+00:00,"The latest addition to the Leeds craft beer scene does not disappoint. In fact, we've made it our home already.",http://leedsbeer.info/wp-content/uploads/2014/07/IMG_20140718_173001.jpg,53.7954407,-1.545513,"6 Mill Hill, Leeds LS1 5DQ",,bundobust,4.5,4,4,4,"beer garden,food"
Burgundy,Bar reviews,http://leedsbeer.info/?p=3138,2015-05-22T07:01:14+00:00,"A French bistro & bar in the heart of the financial quarter, with a surprising selection of beers.",http://leedsbeer.info/wp-content/uploads/2015/05/IMG_20150513_120220724_HDR.jpg,53.7977333,-1.5519875,"12 Park Place, Leeds LS1 2RU",0113 245 0703,burgundyleeds,3,3.5,3,2,"breakfast,coffee,food"
Call Lane Social,Bar reviews,http://leedsbeer.info/?p=1015,2013-02-05T23:51:31+00:00,"Call Lane Social has a few good beers in a fancy environment, but it's too dark and too loud for us!",http://leedsbeer.info/wp-content/uploads/2013/02/20130204_210819.jpg,53.7956314,-1.5411524,"38 Call Lane, Leeds LS1 6DT",0113 247 0285,CallLaneSocial1,3,2,1.5,2,
Candlebar,Bar reviews,http://leedsbeer.info/?p=3118,2015-05-03T16:59:11+00:00,"An Ossett Brewery bar, appealing to craft beer and wine lovers alike. ",http://leedsbeer.info/wp-content/uploads/2015/05/IMG_20150426_124459563.jpg,53.7933159,-1.5508283,"Candle House, Granary Wharf, Leeds LS1 4GJ",244 6655,candlebarleeds,4.5,3.5,3.5,3.5,"beer garden,coffee,food,free wifi"
Carpe Diem,Closed venues,http://leedsbeer.info/?p=2374,2014-04-28T20:20:54+00:00,The original rock & indie bar hasn't lost any of its spirit in hipster times.,http://leedsbeer.info/wp-content/uploads/2014/04/IMG_20140428_181350.jpg,53.8006859,-1.5487397,"Calverley Street, Leeds LS1 3ED",0113 243 6264,CarpeDiem_Leeds,1.5,3.5,4.5,4,"arcade games,coffee,dance floor,food,free wifi,live music,pool table,quiz,sofas,sports"
Cha Lounge,Bar reviews,http://leedsbeer.info/?p=3367,2016-01-10T22:17:37+00:00,"A delightful tea room and bar, offering a handful of good local beers and with room to grow. ",http://leedsbeer.info/wp-content/uploads/2016/01/IMG_20160109_192652572.jpg,53.793766,-1.5395629,"24 Dock Street, Leeds LS10 1JF",07749 811218,ChaLoungeLeeds,2.5,5,4,3,"breakfast,coffee,food,free wifi,sofas"
Chilli White,Closed venues,http://leedsbeer.info/?p=2167,2014-01-05T15:12:43+00:00,Imagine Yates's was a nightclub.,http://leedsbeer.info/wp-content/uploads/2014/01/IMG_20140104_192127.jpg,53.7956963,-1.5394807,"Assembly Street, Leeds LS2 7DA",0113 219 4001,ChilliWhiteLDS,0.5,1,1.5,3,dance floor
Cosmopolitan Hotel,Bar reviews,http://leedsbeer.info/?p=1871,2013-08-28T20:58:58+00:00,There is nothing exceptional about the Cosmopolitan. An unexceptional beer selection in unexceptional surroundings.,http://leedsbeer.info/wp-content/uploads/2013/08/IMG_20130823_175453.jpg,53.7945251,-1.5425115,"Lower Briggate, Leeds LS1 4AE",0113 243 6454,cosmoleeds,2,2.5,3,2,"breakfast,coffee,food"
Crowd of Favours,Pub reviews,http://leedsbeer.info/?p=1651,2013-06-23T20:44:49+00:00,"A June 2013 addition to the Leeds Brewery family, this charming spot has some great beer and a true crowd of amenities. ",http://leedsbeer.info/wp-content/uploads/2013/06/IMG_20130622_162738.jpg,53.7961693,-1.5376812,"Harper Street, Leeds LS2 7EA",,CrowdofFavours,4,4,3.5,3,"breakfast,coffee,dance floor,food,quiz,sofas"
Cuvée,Closed venues,http://leedsbeer.info/?p=715,2012-11-19T22:06:07+00:00,Granary Wharf's champagne bar certainly looks and feels the part. And we aren't the part.,http://leedsbeer.info/wp-content/uploads/2012/11/20121117_155151.jpg,53.7929611,-1.5483528,"Waterman’s Place, Granary Wharf, Leeds LS1 4GL",0113 318 2808,CuveeLeeds,3.5,2,1.5,2,"beer garden,coffee,food,membership discount"
Dish,Bar reviews,http://leedsbeer.info/?p=2690,2014-09-30T21:18:52+00:00,"Really just an antechamber for the restaurant, but pleasant enough.",http://leedsbeer.info/wp-content/uploads/2014/09/IMG_20140929_175629.jpg,53.7958107,-1.5437937,"19 Boar Lane, Leeds LS1 6EA",0113 318 2274,dishleeds,2.5,3.5,3,2,"coffee,food,free wifi,sofas"
Distrikt,Bar reviews,http://leedsbeer.info/?p=185,2012-09-21T14:20:02+00:00,Speakeasy-style underground club/bar with great beer selection and decent food.,http://leedsbeer.info/wp-content/uploads/2012/09/20120920_121330.jpg,53.7961578,-1.5417939,"7 Duncan Street, Leeds LS1 6DQ",0113 243 3674,distrikt_leeds,3.5,3.5,2.5,2.5,"dance floor,food,free wifi,live music"
Dock 29,Bar reviews,http://leedsbeer.info/?p=3436,2016-03-06T10:13:06+00:00,There's actually a bar in Leeds Dock! Imagine that.,http://leedsbeer.info/wp-content/uploads/2016/03/IMG_20160305_191927282.jpg,53.7909813,-1.5323448,"Dock 29, The Boulevard, Leeds Dock LS10 1PZ",0113 322 6377,Dock_29,2,4.5,4,2,"breakfast,coffee,dance floor,food,free wifi,sofas,sunday roasts"
Dry Dock,Pub reviews,http://leedsbeer.info/?p=2417,2014-05-13T21:21:46+00:00,It's a boat.,http://leedsbeer.info/wp-content/uploads/2014/05/IMG_20140508_174731.jpg,53.8044662,-1.5476723,"Woodhouse Lane, Leeds LS2 3AX",0113 391 2658,DryDockLeeds,2.5,2.5,4.5,3.5,"arcade games,beer garden,breakfast,coffee,free wifi,jukebox,live music,membership discount,pool table,sofas"
Duck & Drake,Pub reviews,http://leedsbeer.info/?p=1675,2013-06-27T08:23:00+00:00,The famous live music venue also has an amazing beer terrace and a ridiculous number of cask ales.,http://leedsbeer.info/wp-content/uploads/2013/06/IMG_20130625_174445.jpg,53.7959824,-1.5377909,"43 Kirkgate, Leeds LS2 7DR",0113 245 5432,,4,3.5,3,3.5,"arcade games,beer garden,dance floor,live music"
Editor's Draught,Pub reviews,http://leedsbeer.info/?p=3613,2017-01-10T22:27:51+00:00,"A well-done Stonegate pub with lots to offer, including a list of beers that's good enough. ",http://leedsbeer.info/wp-content/uploads/2017/01/IMG_20161204_192033.jpg,53.7968712,-1.5551857,"88 Wellington Street, Leeds LS1 4LT",0113 887 1829,EditorsDraught,3.5,3,4.5,3.5,"beer garden,coffee,food,free wifi,live music,quiz,sports"
Épernay,Bar reviews,http://leedsbeer.info/?p=1484,2013-05-20T06:48:50+00:00,This champagne bar is good if you want to choose your Ilkley beer by the colour of the bottle.,http://leedsbeer.info/wp-content/uploads/2013/05/20130513_193829.jpg,53.8009644,-1.5480592,"12 Great George Street, Leeds LS1 3DW",0113 242 9977,epernayleeds,3.5,2.5,2,2,"beer garden,food"
Everyman Cinema & Pizzeria,Other reviews,http://leedsbeer.info/?p=2226,2014-02-01T17:38:32+00:00,"Not your average cinema, Everyman makes an effort to appeal to casual drinkers and is surprisingly pleasant.",http://leedsbeer.info/wp-content/uploads/2014/02/IMG_20140127_175233.jpg,53.796627,-1.5441155,"Level 4, Trinity Leeds, Albion Street, Leeds LS1 5AT",020 3542 8904,Everymancinema,2.5,4,3.5,2,"beer garden,coffee,food,sofas"
Fab Cafe,Closed venues,http://leedsbeer.info/?p=196,2012-09-21T18:25:54+00:00,"Cult TV theme bar with dance floor. Cheap-ish drinks, but none of them very nice. Go for the arcade games!",http://leedsbeer.info/wp-content/uploads/2012/09/20120920_205607.jpg,53.8023453,-1.5453913,"46 Woodhouse Lane, Leeds LS2 8PL",0113 244 9009,fabcafeleeds,1,4,2.5,3.5,"arcade games,dance floor"
Fibre,Bar reviews,http://leedsbeer.info/?p=1451,2013-05-09T07:40:03+00:00,"This gay-friendly café-bar crossover has a lot going for it, but sadly not its beer selection.",http://leedsbeer.info/wp-content/uploads/2013/05/20130506_195831.jpg,53.7952805,-1.5423506,"168 Lower Briggate, Leeds LS1 6LY",08701 200 888,BarFibreLeeds,1,2.5,4,3.5,"beer garden,breakfast,coffee,food,free wifi,lgbt"
Fox & Newt,Pub reviews,http://leedsbeer.info/?p=1595,2013-06-09T21:37:15+00:00,"The only pub in the city centre to brew its own cask ale, and that's not even the best thing about it.",http://leedsbeer.info/wp-content/uploads/2013/06/IMG_20130604_180203.jpg,53.800045,-1.5594819,"9 Burley Street, Leeds LS3 1LD",07506 741039,,3.5,3.5,4.5,4,"arcade games,beer garden,coffee,food,free wifi,jukebox,live music,sofas"
Friends of Ham,Bar reviews,http://leedsbeer.info/?p=1827,2013-08-21T06:44:52+00:00,Our 100th review is somewhere very special indeed. Are you a friend of ham yet?,http://leedsbeer.info/wp-content/uploads/2013/08/IMG_20130818_165056.jpg,53.7955399,-1.545049,"4 New Station Street, Leeds LS1 5DL",0113 242 0275,friendsofham,5,4.5,3,4,"food,free wifi,sofas"
General Eliott,Pub reviews,http://leedsbeer.info/?p=2572,2014-08-25T18:02:08+00:00,"A traditional Yorkshire pub that, to our delight, is part of the Sam Smith's family. ",http://leedsbeer.info/wp-content/uploads/2014/08/IMG_20140821_192819.jpg,53.7971687,-1.5404792,"31-33 Vicar Lane, Leeds LS1 6DS",0113 244 2663,,3.5,1.5,0.5,4,
Headrow House,Bar reviews,http://leedsbeer.info/?p=3296,2015-11-02T22:47:04+00:00,"A crafty cousin of Belgrave Music Hall and Canteen, complete with a full restaurant and two roof terraces. ",http://leedsbeer.info/wp-content/uploads/2015/11/IMG_20151019_174341668.jpg,53.7985268,-1.5406919,"Bramleys Yard, The Headrow, Leeds LS1 6PU",0113 234 6160,headrowhouse,4,4.5,4,3,"beer garden,dance floor,food,free wifi,live music,sofas"
Henleys Sports Bar and Grill,Closed venues,http://leedsbeer.info/?p=2765,2014-10-22T12:11:53+00:00,The first dedicated sports bar in the Northern Quarter. ,http://leedsbeer.info/wp-content/uploads/2014/10/IMG_20141021_174854.jpg,53.8007126,-1.5403296,"68 New Briggate, Leeds LS1 6PQ",0113 345 1130,henleyssportbar,1,2,2,2.5,"arcade games,dance floor,food,sports"
Henry's Café Bar,Closed venues,http://leedsbeer.info/?p=673,2012-11-10T14:22:37+00:00,Ever wanted to go to a hotel bar that wasn't in a hotel? Henry's is for you!,http://leedsbeer.info/wp-content/uploads/2012/11/20121107_123618.jpg,53.7982597,-1.5481473,"10 Greek Street, Leeds LS1 5RU",0113 245 9424,henryscafebar,1.5,2,4,3,"arcade games,beer garden,coffee,food,free wifi,sofas"
Hirst's Yard,Bar reviews,http://leedsbeer.info/?p=2510,2014-07-13T22:02:44+00:00,"Lots of local bottles, a charming atmosphere and live music. The only thing maybe not to like too much are the prices. ",http://leedsbeer.info/wp-content/uploads/2014/07/IMG_20140708_205536.jpg,53.7956734,-1.5418015,"11-15 Hirsts Yard, Leeds LS1 6NJ",0113 322 9919,HirstsYard,3,4,2.5,2,"beer garden,live music,sofas"
Hoagys Bar,Closed venues,http://leedsbeer.info/?p=1035,2013-02-12T21:56:08+00:00,A sports pub where we felt quite uncomfortable and out of place. Definitely not for us.,http://leedsbeer.info/wp-content/uploads/2013/02/20130211_175502.jpg,53.7985268,-1.5370345,"46 Eastgate, Leeds LS2 7JL",0113 243 9351,,1.5,0.5,3,2.5,"arcade games,beer garden,coffee,food,free wifi,live music,pool table,quiz,sports"
Ibérica,Bar reviews,http://leedsbeer.info/?p=3495,2016-04-26T19:06:03+00:00,A new super-posh Spanish restaurant with an attached bar but no interesting beers.,http://leedsbeer.info/wp-content/uploads/2016/04/IMG_20160415_192323807.jpg,53.7992897,-1.5492386,"Hepper House, 17a East Parade, Leeds LS1 2BH",0113 403 7007,IbericaLeeds,1,4,1.5,2,coffee
Ipsum Vinoteca,Bar reviews,http://leedsbeer.info/?p=3013,2015-02-22T23:19:11+00:00,A real Italian wine shop with a surprising beer selection.,http://leedsbeer.info/wp-content/uploads/2015/02/IMG_20150216_165023239.jpg,53.7970581,-1.5340942,"Munro House, Duke Street, Leeds LS9 8AG",0113 242 5197,IpsumVinoteca,3.5,4.5,3.5,3.5,"coffee,food,sofas"
it Bar,Closed venues,http://leedsbeer.info/?p=1341,2013-04-21T15:22:23+00:00,A new American-style café/bar offering ridiculously indulgent food and an OK selection of beer. ,http://leedsbeer.info/wp-content/uploads/2013/04/20130414_174335.jpg,53.8004761,-1.5410954,"57-59 New Briggate, Leeds LS2 8JD",0113 246 9080,Itbarleeds,3,3.5,4,3,"coffee,dance floor,food,free wifi,live music,sofas"
Jake's Bar and Still Room,Bar reviews,http://leedsbeer.info/?p=980,2013-02-05T10:56:32+00:00,"Though it scores low on beer, this unique bar and distillery has loads going for it. ",http://leedsbeer.info/wp-content/uploads/2013/02/20130204_184118.jpg,53.795681,-1.5408111,"29 Call Lane, Leeds LS1 7BT",0113 243 1110,Jakesbarleeds,1,4,2.5,1.5,"dance floor,sofas"
Khao San Bar,Closed venues,http://leedsbeer.info/?p=3152,2015-07-19T19:11:54+00:00,Er... we don't really know what we just experienced.,http://leedsbeer.info/wp-content/uploads/2015/07/IMG_20150713_181356309_HDR.jpg,53.800724,-1.540159,"72 New Briggate, Leeds LS1 6NU",0113 318 4306,KhaoSanBar,1,1,1.5,2.5,"dance floor,food"
LAB,Closed venues,http://leedsbeer.info/?p=2894,2014-11-30T22:08:03+00:00,This Merrion Centre spot offers a decent beer selection to Arena goers. ,http://leedsbeer.info/wp-content/uploads/2014/11/IMG_20141125_174315517.jpg,53.8025246,-1.5441989,"Merrion Way, Leeds LS2 8BT",0113 887 7281,LABLeeds,3,3,3.5,2.5,"beer garden,coffee,food"
Lazy Lounge,Bar reviews,http://leedsbeer.info/?p=2155,2013-12-22T10:30:10+00:00,A popular corporate-ish spot with a recently improved selection of brews. ,http://leedsbeer.info/wp-content/uploads/2013/12/IMG_20131214_211033.jpg,53.7958298,-1.553333,"West Point, Wellington Street, Leeds LS1 4JY",0113 244 6055,LazyLounge,3.5,2.5,3.5,2.5,"beer garden,coffee,food,free wifi,sofas"
LIVIN'italy,Bar reviews,http://leedsbeer.info/?p=1375,2013-04-23T21:24:19+00:00,"Wine bar, deli and restaurant all merged into one. Limited selection of beers, but they're so good!",http://leedsbeer.info/wp-content/uploads/2013/04/20130422_190922.jpg,53.7937393,-1.5489566,"Granary Wharf, Leeds LS1 4BR",0113 243 0090,LIVINitaly_LS1,3,4,3.5,2,"beer garden,breakfast,coffee,food,free wifi"
Lounge Bar & Grill,Closed venues,http://leedsbeer.info/?p=1883,2013-08-29T06:41:02+00:00,This truly amazing building hides a pub with a decent enough beer selection and a great terrace. Shame about the interior design.,http://leedsbeer.info/wp-content/uploads/2013/08/IMG_20130826_135841.jpg,53.8004799,-1.5419403,"St John’s House, Merrion Street, Leeds LS2 8JE",0113 244 4234,LoungeBarGrill,3.5,3,4.5,3,"beer garden,coffee,food,free wifi,quiz,sofas,sunday roasts"
Manahatta,Bar reviews,http://leedsbeer.info/?p=2882,2014-11-28T13:21:00+00:00,"""New York style"" companion bar to The Pit. We're staying next door, thanks.",http://leedsbeer.info/wp-content/uploads/2014/11/IMG_20141122_192031535.jpg,53.8004074,-1.5404195,"11 Merrion Street, Leeds LS1 6PG",0113 245 6275,ManahattaLeeds,2.5,1.5,2,1,"coffee,food"
Manjit's Kitchen,Other reviews,http://leedsbeer.info/?p=3560,2016-09-22T07:05:15+00:00,"Part of Kirkgate Market's new food hall, offering a decent selection of beers plus delicious Indian street food to go along with it. ",http://leedsbeer.info/wp-content/uploads/2016/09/IMG_20160908_123625667.jpg,53.7968102,-1.5377454,"Leeds Market, 28-34 George St, Leeds LS2 7HY",0113 216 1089,manjitskitchen,3.5,4,3,4,food
Marvin's Pizza Parlour,Other reviews,http://leedsbeer.info/?p=3546,2016-08-28T11:24:34+00:00,What do Motown and pizza have in common? Probably not much apart from this bar.,http://leedsbeer.info/wp-content/uploads/2016/08/IMG_20160810_182809697_HDR.jpg,53.8025131,-1.5440029,"Arena Quarter, Merrion Way, Leeds LS2 8BT",0113 467 2006,marvinsleeds,3.5,3,3.5,2.5,"beer garden,coffee,food"
Massey's Booksellers,Closed venues,http://leedsbeer.info/?p=851,2013-01-06T21:20:43+00:00,"A slightly upmarket student bar, but not much happening beer-wise. ",http://leedsbeer.info/wp-content/uploads/2013/01/20130102_175258.jpg,53.8025742,-1.5466304,"85 Cookridge Street, Leeds LS2 3AW",0113 244 8888,,1.5,3,1.5,2,"dance floor,sofas"
Mayaimi,Closed venues,http://leedsbeer.info/?p=748,2012-11-30T21:26:51+00:00,"Trying to be the Hottest Spot North of Havana, this new nightclub falls a bit short on our criteria. ",http://leedsbeer.info/wp-content/uploads/2012/11/20121129_175245.jpg,53.8005791,-1.5414319,"22-30 Merrion Street, Leeds LS2 8JG",07889 127 253,mayaimileeds,1.5,1,1,3,"dance floor,sofas"
Mean-Eyed Cat Bar,Bar reviews,http://leedsbeer.info/?p=3455,2016-03-17T21:42:45+00:00,You know what Leeds needs? A Johnny Cash theme bar!,http://leedsbeer.info/wp-content/uploads/2016/03/IMG_20160309_222957686.jpg,53.8004799,-1.5401402,"14 Merrion Street,, Leeds LS1 6PQ",0113 244 4080,MeanEyed_CatBar,3.5,3.5,2,2.5,"dance floor,food,free wifi"
MEATLiquor,Bar reviews,http://leedsbeer.info/?p=2626,2014-09-07T10:27:52+00:00,London's hipster burgeria gets in on the Leeds action.,http://leedsbeer.info/wp-content/uploads/2014/09/IMG_20140905_182755.jpg,53.797039,-1.5445393,"Bank Street, Trinity Centre, Leeds LS1 5AT",,meatliquorLDS,3,2.5,3,2,"darts,food"
Milo,Bar reviews,http://leedsbeer.info/?p=3046,2015-03-24T19:02:51+00:00,One of the top indie hangouts in Leeds with a decent selection of beers to boot.,http://leedsbeer.info/wp-content/uploads/2015/03/IMG_20150321_180747183.jpg,53.7964439,-1.5400811,"10-12 Call Lane, Leeds LS1 6DN",0113 345 0800,milobarleeds,3.5,4,2.5,2.5,"coffee,dance floor,live music"
Mix Karaoke Bar,Other reviews,http://leedsbeer.info/?p=2787,2014-10-30T07:44:21+00:00,Leeds's only dedicated karaoke bar is definitely all about the karaoke and not at all about the beer.,http://leedsbeer.info/wp-content/uploads/2014/10/IMG_20141025_220543239.jpg,53.7996216,-1.5415567,"28 New Briggate, Leeds LS1 6NU",0113 246 9997,Mix_Karaoke,0.5,3,2,1.5,"food,karaoke"
Mojo: Music for the People,Bar reviews,http://leedsbeer.info/?p=799,2012-12-23T14:49:36+00:00,"One of many bars along this stretch, this American-inspired nightspot definitely has its music mojo working. ",http://leedsbeer.info/wp-content/uploads/2012/12/20121210_175036.jpg,53.8005142,-1.5403283,"18 Merrion St, Leeds LS1 6PQ",0845 611 8643,MOJO_BAR,3,3.5,2.5,2,"jukebox,live music"
Mook,Bar reviews,http://leedsbeer.info/?p=1842,2013-08-22T20:26:08+00:00,Huge unpretentious bar/club. Look out for Jesus.,http://leedsbeer.info/wp-content/uploads/2013/08/IMG_20130820_202931.jpg,53.7956924,-1.5418732,"Hirst's Yard, Leeds LS1 6NJ",0113 245 9967,mookleeds,2,3.5,2,2,"beer garden,dance floor"
Mr Foley's Cask Ale House,Pub reviews,http://leedsbeer.info/?p=554,2012-10-30T08:22:10+00:00,One of our favourite places in Leeds. Unpretentious pub in a great location with an amazing beer selection.,http://leedsbeer.info/wp-content/uploads/2012/10/20121028_220545.jpg,53.7994537,-1.5488919,"159 The Headrow, Leeds LS1 5RG",0113 242 9674,Mrfoleys,5,4,4,4.5,"arcade games,coffee,food,free wifi,sofas,sports"
Mr Nobody,Uncategorized,http://leedsbeer.info/?p=3432,2016-03-06T10:11:15+00:00,A mellow cocktail bar with a handful of beers you don't see everywhere. ,http://leedsbeer.info/wp-content/uploads/2016/03/IMG_20160305_182022316_TOP.jpg,53.7953224,-1.5423203,"163 Lower Briggate, Leeds LS1 6LY",0113 246 7013,mrnobodyleeds,3,4.5,3.5,3.5,"beer garden,coffee,food,free wifi"
Nation of Shopkeepers,Bar reviews,http://leedsbeer.info/?p=806,2012-12-23T23:06:14+00:00,"A list of amenities as long as my arm, but are all the hats and the beards too offputting?",http://leedsbeer.info/wp-content/uploads/2012/12/20121211_175011.jpg,53.8007698,-1.5474683,"27-37 Cookridge Street, Leeds LS2 3AG",0113 203 1831,shopkeepers,3.5,2.5,5,3,"beer garden,breakfast,coffee,dance floor,food,free wifi,live music,quiz,sofas,sunday roasts"
Neon Cactus,Bar reviews,http://leedsbeer.info/?p=1190,2013-03-03T08:31:50+00:00,"Tequila, Mexican food and the world's largest hot sauce collection. They just forgot to include any great Mexican beer.",http://leedsbeer.info/wp-content/uploads/2013/03/20130228_195429.jpg,53.7955971,-1.5408459,"35 Call Lane, Leeds LS1 7BT",0113 245 8400,neoncactus,1,3,2.5,1.5,food
Norman Bar,Bar reviews,http://leedsbeer.info/?p=3044,2015-03-24T20:31:21+00:00,"A pretty boring Call Lane bar/club with some good beers. Not good enough to draw us in, though. ",http://leedsbeer.info/wp-content/uploads/2015/03/IMG_20150321_171200112_HDR.jpg,53.7956467,-1.5411189,"36 Call Lane, Leeds LS1 6DT",0872 080 8000,normanbarleeds,3,2,2,2.5,"dance floor,free wifi"
North Bar ,Bar reviews,http://leedsbeer.info/?p=283,2012-10-02T22:03:09+00:00,Belgian-style bar with an unbelievable selection of beer and staff who really know what they're talking about.,http://leedsbeer.info/wp-content/uploads/2012/10/20121001_184818.jpg,53.7995644,-1.5416353,"24 New Briggate, Leeds LS1 6ND",0113 242 4540,NorthBarDrinks,5,4.5,4,4,"coffee,food,free wifi,sofas"
Northern Monk Refectory,Bar reviews,http://leedsbeer.info/?p=2779,2014-10-26T13:01:49+00:00,"Upstairs from their new brewery, this taproom and kitchen is absolutely spot on. Go there!",http://leedsbeer.info/wp-content/uploads/2014/10/IMG_20141025_114049.jpg,53.7907677,-1.5540987,"The Old Flax Store, Marshalls Mill, Holbeck, Leeds LS11 9YJ",0113 243 6430,NMBCoRefectory,4.5,4.5,3.5,4.5,"beer garden,breakfast,coffee,food"
Notes,Closed venues,http://leedsbeer.info/?p=2087,2013-11-13T19:35:50+00:00,"If you're in Trinity Kitchen and want a bottle of ale, this is the place to go. ",http://leedsbeer.info/wp-content/uploads/2013/11/IMG_20131110_135234.jpg,53.7972527,-1.5454245,TK6 Trinity Kitchen                                 Leeds LS1 5AY,,NotesLeeds,2.5,2.5,3.5,2,"coffee,food,free wifi"
O'Neill's,Pub reviews,http://leedsbeer.info/?p=213,2012-09-23T17:34:39+00:00,"The city centre's only traditional Irish pub, this chain offers a good selection of Irish grub but a rather plain selection of beer to go along with it.",http://leedsbeer.info/wp-content/uploads/2012/09/20120922_145032.jpg,53.8007927,-1.549229,"26 Great George Street, Leeds LS1 3DL",0113 244 0810,ONeillsPubs,2,3,3.5,2.5,"breakfast,coffee,food,free wifi,sports,sunday roasts"
Old Red Lion,Pub reviews,http://leedsbeer.info/?p=1222,2013-03-16T11:46:19+00:00,A very pleasant surprise which wrapped up our Brewery Wharf/Dock Street tour. ,http://leedsbeer.info/wp-content/uploads/2013/03/20130311_194006.jpg,53.7929726,-1.5421522,"Meadow Lane, Leeds LS11 5BJ",,,3,4,2,4.5,pool table
Oporto,Bar reviews,http://leedsbeer.info/?p=993,2013-02-05T20:11:03+00:00,"A music (and hot dog) venue on the Call Lane strip. Nice amenities, but just so-so beer. ",http://leedsbeer.info/wp-content/uploads/2013/02/20130204_184152.jpg,53.7956581,-1.5408245,"33 Call Lane, Leeds LS1 7BT",0113 245 4444,Oportobar,2,2,3,1.5,"food,free wifi,live music,sofas"
Oracle,Bar reviews,http://leedsbeer.info/?p=1127,2013-02-23T19:52:31+00:00,"If you're looking for an alternative to Greek Street or Call Lane that's remarkably like Greek Street or Call Lane, this is the place to go. ",http://leedsbeer.info/wp-content/uploads/2013/02/20130222_175129.jpg,53.7939224,-1.5377362,"3 Brewery Place, Leeds LS10 1NE",0113 246 9912,OracleLeeds,1.5,0.5,2.5,2,"beer garden,coffee,dance floor,food,membership discount,sofas"
Outlaws Yacht Club,Bar reviews,http://leedsbeer.info/?p=619,2012-11-03T11:24:38+00:00,"Leeds's newest social club is in a hair salon, but as well as cut & blow dry there's a nice beer menu and atmosphere to be found inside.",http://leedsbeer.info/wp-content/uploads/2012/11/20121102_181850.jpg,53.7964516,-1.5365351,"38 New York Street, Leeds LS2 7DY",07796 328800,outlawyachtclub,4,4,2.5,4,"coffee,food,free wifi,quiz,sofas"
Palm Sugar,Bar reviews,http://leedsbeer.info/?p=632,2012-11-03T11:43:45+00:00,Chaophraya's new upscale lounge bar with a mediocre beer selection and an inexplicably strong lemon smell. ,http://leedsbeer.info/wp-content/uploads/2012/11/20121102_193309.jpg,53.794342,-1.5437791,"20A Blayds Court, Swinegate, Leeds LS1 4AG",0113 244 9339,ChaophrayaThai,2,2,2,2,"beer garden,coffee"
Parkers,Closed venues,http://leedsbeer.info/?p=559,2012-10-31T07:51:17+00:00,"A brand new bar in the middle of the Financial Quarter. Trying to appeal to people who aren't us, but has a surprising character of its own.",http://leedsbeer.info/wp-content/uploads/2012/10/20121030_084820.jpg,53.7977295,-1.5520998,"12 Park Place, Leeds LS1 2RU",,,2,3,2.5,3,"coffee,food,free wifi,jukebox"
Peachy Keens,Bar reviews,http://leedsbeer.info/?p=1481,2013-05-20T06:48:37+00:00,"Not much to sell this place to us. Good if you want dancing-related events, I guess.",http://leedsbeer.info/wp-content/uploads/2013/05/20130513_193820.jpg,53.8012581,-1.5478331,"The Electric Press, Great George Street, Leeds LS2 3AD",0113 246 9241,,2,2.5,3,3,"beer garden,dance floor,food,sofas"
PIN,Closed venues,http://leedsbeer.info/?p=1131,2013-02-24T19:29:04+00:00,"True to form, this Leeds Brewery bar offers an amazing beer selection and a nice atmosphere to enjoy them. ",http://leedsbeer.info/wp-content/uploads/2013/02/20130222_205911.jpg,53.7937202,-1.5396279,"24 Dock Street, Leeds LS10 1JF",0113 225 9355,PINbarLeeds,4.5,3,3,4.5,"food,free wifi,live music,sofas,sports"
Pintura,Bar reviews,http://leedsbeer.info/?p=3042,2015-03-22T12:50:35+00:00,"The second of its kind in Leeds, this Basque tapas place offers a handful of ordinary Spanish bottles. ",http://leedsbeer.info/wp-content/uploads/2015/03/IMG_20150316_184159766.jpg,53.7971687,-1.5435711,"Trinity Shopping Centre, Leeds LS1 2DY",0113 430 0915,pinturakitchen,1.5,2.5,2.5,1.5,"coffee,food,free wifi"
PizzaLuxe,Bar reviews,http://leedsbeer.info/?p=2093,2013-11-29T14:02:13+00:00,The only place to get draught beer in Trinity Kitchen.,http://leedsbeer.info/wp-content/uploads/2013/11/IMG_20131110_142514.jpg,53.7972145,-1.5454084,"Trinity Kitchen, 27 Albion Street, Leeds LS1 5ER",0113 247 1171,PizzaLuxe,1.5,2.5,3.5,2.5,"coffee,food,free wifi"
Players Sports Bar,Bar reviews,http://leedsbeer.info/?p=1815,2013-08-18T20:02:48+00:00,A shitty nightclub with shitty beer.,http://leedsbeer.info/wp-content/uploads/2013/08/IMG_20130814_202539.jpg,53.8004761,-1.5450838,"The Cube, Albion Street, Leeds LS2 8ER",,PlayersBarLeeds,1,0.5,1,2.5,dance floor
Queens Court,Bar reviews,http://leedsbeer.info/?p=2277,2014-03-02T17:39:02+00:00,"This extremely popular LGBT bar is very welcoming and friendly, but the beer selection is dreadful.",http://leedsbeer.info/wp-content/uploads/2014/03/IMG_20140225_175236.jpg,53.7953339,-1.5422143,"167-168 Lower Briggate, Leeds LS1 6LY",0113 245 9449,queenscrtlds,0.5,2.5,3.5,3.5,"beer garden,dance floor,food,lgbt,sofas"
Rare,Closed venues,http://leedsbeer.info/?p=2314,2014-03-18T22:31:00+00:00,Everything here is rare. But it's definitely more about the meat than the beer.,http://leedsbeer.info/wp-content/uploads/2014/03/IMG_20140317_175531.jpg,53.7954483,-1.542309,"163 Lower Briggate, Leeds LS1 6LY",0113 246 7013,eatdrinkrare,2.5,3.5,3.5,2,"beer garden,coffee,food,free wifi,sunday roasts"
Revival ,Closed venues,http://leedsbeer.info/?p=165,2012-09-21T12:22:56+00:00,"With bad beer and weird opening times, this retro theme bar is surprisingly appealing.",http://leedsbeer.info/wp-content/uploads/2012/09/20120919_230945.jpg,53.795929,-1.5468359,"40 Boar Lane, Leeds LS1 4DA",0113 2458 063,,0.5,3.5,2.5,4.5,"dance floor,free wifi,karaoke"
Revolución de Cuba,Bar reviews,http://leedsbeer.info/?p=3414,2016-03-05T11:54:16+00:00,A Cuban-themed chain bar and restaurant with an OK beer selection. ,http://leedsbeer.info/wp-content/uploads/2016/03/IMG_20160228_172708647_HDR.jpg,53.7946434,-1.5421619,"64-68 Call Lane, Leeds LS1 6DT",0113 350 6556,Cubanmotweeto,2.5,2.5,3,2.5,"coffee,dance floor,food,free wifi,live music"
Revolution — Call Lane,Bar reviews,http://leedsbeer.info/?p=2399,2014-05-12T21:10:45+00:00,"The other Revolution didn't offend us, but why would we come back?",http://leedsbeer.info/wp-content/uploads/2014/05/IMG_20140505_150459.jpg,53.7952271,-1.5412188,"48 Call Lane, Leeds LS1 6DT",0113 243 2778,RevolutionBars,1.5,2,3,2,"beer garden,coffee,food,free wifi"
Revolution — The Electric Press,Bar reviews,http://leedsbeer.info/?p=1435,2013-05-05T19:48:59+00:00,A great place to go if you like vodka and crowds. Otherwise — Millennium Square has better things to offer. ,http://leedsbeer.info/wp-content/uploads/2013/05/20130502_180055.jpg,53.801281,-1.5476067,"41 Cookridge Street, Millennium Square, Leeds LS2 3AW",0113 380 4992,RevolutionLeeds,0.5,1.5,3,2,"beer garden,coffee,dance floor,food,free wifi,membership discount,sunday roasts"
Roast + Conch,Bar reviews,http://leedsbeer.info/?p=2169,2014-01-05T18:35:41+00:00,"How many different ways can you use chocolate? Quite a few, it turns out.",http://leedsbeer.info/wp-content/uploads/2014/01/IMG_20140104_200919.jpg,53.7958679,-1.5451241,"55 Boar Lane, Leeds LS1 5EL",,RoastandConch,2.5,3,3,2,"coffee,food,free wifi"
Roland's,Bar reviews,http://leedsbeer.info/?p=2566,2014-08-22T20:39:59+00:00,Call Lane's latest addition actually has a decent beer selection!,http://leedsbeer.info/wp-content/uploads/2014/08/IMG_20140820_181714.jpg,53.7953224,-1.5409559,"39 Call Lane, Leeds LS1 7BT",0113 318 2964,RolandsLeeds,4,3,3,3.5,"beer garden,coffee,food"
Roxy Ball Room,Bar reviews,http://leedsbeer.info/?p=2193,2014-01-08T20:30:37+00:00,"A huge new venue with ping pong, pool and bowling, along with some great beer choices! ",http://leedsbeer.info/wp-content/uploads/2014/01/IMG_20140104_210210.jpg,53.7959862,-1.5448855,"1st Floor Trinity Square, Leeds LS1 6HW",0113 322 1781,RoxyBallRoom,4,3.5,3.5,3.5,"food,pool table"
Roxy Lanes,Other reviews,http://leedsbeer.info/?p=2470,2014-06-15T17:58:53+00:00,Leeds's first bowling bar is definitely a niche but isn't quite as spectacular as its ping-pong neighbour.,http://leedsbeer.info/wp-content/uploads/2014/06/IMG_20140611_191254.jpg,53.7979126,-1.5463042,"1st Floor, The Podium, Bond Street, Leeds LS1 5BQ",0113 322 1781,roxylanesleeds,3.5,2.5,2.5,2.5,food
Rum & Reason,Bar reviews,http://leedsbeer.info/?p=3451,2016-03-17T21:20:12+00:00,A rum-themed cocktail bar that doesn't skimp on the beers. Or the food. ,http://leedsbeer.info/wp-content/uploads/2016/03/IMG_20160309_202910312.jpg,53.8004112,-1.5412647,"57-59 New Briggate, Leeds LS2 8JD",0113 246 9080,,2.5,4,3.5,2,"food,free wifi,quiz,sofas"
Rum Shack,Closed venues,http://leedsbeer.info/?p=3148,2015-07-19T19:09:02+00:00,"A pop-up rum bar from the Hedonist Project. No beer worth mentioning, but lots of other good qualities! ",http://leedsbeer.info/wp-content/uploads/2015/07/IMG_20150701_194917761_HDR.jpg,53.8008652,-1.5409935,"3 Cross Belgrave Street, Leeds LS2 8JP",,HedonistProject,0.5,3,2,2,"beer garden,sofas"
Sam's Chop House,Closed venues,http://leedsbeer.info/?p=1421,2013-04-30T13:51:47+00:00,A traditional English eatery in the heart of town with good food and service but not much in the way of beer.,http://leedsbeer.info/wp-content/uploads/2013/04/20130427_173955.jpg,53.7991982,-1.5489113,"8 South Parade, Leeds LS1 5QX",0113 204 2490,chophouseLeeds,2.5,3.5,3,3,"coffee,food,live music,sunday roasts"
San Lucus,Closed venues,http://leedsbeer.info/?p=1350,2013-04-21T15:25:38+00:00,"This new bar and tapas place has excellent food, but not much to draw us in the way of beer.",http://leedsbeer.info/wp-content/uploads/2013/04/20130419_181004.jpg,53.8008728,-1.5505636,"40 Great George Street, Leeds LS1 3DL",0113 246 1325,sanlucus,2,3,3.5,3.5,"beer garden,coffee,food,sofas"
Sandinista!,Bar reviews,http://leedsbeer.info/?p=549,2012-10-30T08:21:26+00:00,A lively cantina bar with excellent tapas and a not-too-bad beer selection.,http://leedsbeer.info/wp-content/uploads/2012/10/20121028_190549.jpg,53.8008995,-1.5409023,"5/5a Cross Belgrave Street, Leeds LS2 8JP",0113 305 0372,SandinistaLeeds,3.5,2.5,3.5,3,"beer garden,dance floor,food,free wifi,live music"
Santiago,Bar reviews,http://leedsbeer.info/?p=2486,2014-06-29T21:48:14+00:00,The Grand Arcade's famous rock bar does what it does best. Rock. \m/,http://leedsbeer.info/wp-content/uploads/2014/06/IMG_20140626_190026.jpg,53.8001976,-1.5398133,"Grand Arcade, Vicar Lane, Leeds LS1 6GP",0113 244 4472,SantiagosLeeds,2.5,3,3,2.5,"dance floor,free wifi,live music"
Scene! ,Bar reviews,http://leedsbeer.info/?p=2845,2014-11-18T07:51:24+00:00,The hotel bar for the Park Plaza. Not mind blowing but an OK beer selection. ,http://leedsbeer.info/wp-content/uploads/2014/11/IMG_20141103_181808708.jpg,53.7962646,-1.5468584,"Boar Lane, City Square, Leeds LS1 5NS",0113 380 4169,,2.5,1.5,1,3,"coffee,free wifi"
Sela,Bar reviews,http://leedsbeer.info/?p=1729,2013-07-15T21:28:53+00:00,"Leeds's best bet if you're looking for live jazz, and not bad odds if you're looking for good beer. ",http://leedsbeer.info/wp-content/uploads/2013/07/IMG_20130710_180652.jpg,53.799408,-1.5416851,"20 New Briggate, Leeds LS1 6NU",0113 242 9442,selabar,4,4,3,2.5,"coffee,dance floor,food,live music"
Sheaf St Cafeteria,Bar reviews,http://leedsbeer.info/?p=3361,2016-01-10T20:00:07+00:00,The bar attached to Duke Studios is a chance to have a relaxing drink even on a Friday night.,http://leedsbeer.info/wp-content/uploads/2016/01/IMG_20160109_181517712.jpg,53.7912521,-1.5382251,"Duke Studios, 3 Sheaf Street, Leeds LS10 1HD",0113 2459487,SheafCafeteria,2.5,4,2.5,2.5,"free wifi,sofas"
Shears Yard,Bar reviews,http://leedsbeer.info/?p=2060,2013-11-03T16:59:49+00:00,This new place does very well for an establishment that's primarily restaurant.,http://leedsbeer.info/wp-content/uploads/2013/11/IMG_20131026_180249.jpg,53.7952805,-1.5383434,"11-15 Wharf Street, Leeds LS2 7EH",0113 244 4144,ShearsYard,4,3,2,3.5,"coffee,food"
Shooters Sports Bar,Bar reviews,http://leedsbeer.info/?p=2121,2013-12-09T21:24:00+00:00,"This place has an awesomely good array of sports, and an awesomely bad array of beers. ",http://leedsbeer.info/wp-content/uploads/2013/12/IMG_20131129_163913.jpg,53.7994194,-1.5471759,"123 The Headrow, Leeds LS1 5RD",08455 333 000,LeedsShooters,0.5,2,3,2.5,"arcade games,darts,food,pool table,sports"
ShuffleDog,Bar reviews,http://leedsbeer.info/?p=3192,2015-08-11T21:44:26+00:00,The new BrewDog in town is going for something different.,http://leedsbeer.info/wp-content/uploads/2015/08/IMG_20150804_180131397.jpg,53.8010979,-1.5387881,"Crispin House, New York Road, Leeds LS2 7PF",,shuffledogleeds,4.5,3.5,3.5,3,"food,free wifi"
Sid's Little Egg,Bar reviews,http://leedsbeer.info/?p=3306,2015-11-02T22:48:08+00:00,This oddly named little bar is a new gem on the south bank.,http://leedsbeer.info/wp-content/uploads/2015/11/IMG_20151102_185107720.jpg,53.7933769,-1.5418184,"28-32 Bridge End, Leeds LS1 4DJ",07880 893542,sidslittleegg,3.5,4.5,3.5,3,"arcade games,coffee,food,pool table,sofas,sports"
SkyLounge,Bar reviews,http://leedsbeer.info/?p=1096,2013-02-21T19:45:03+00:00,"The views here certainly can't be beat, unless they start serving beer on the Observation Wheel. ",http://leedsbeer.info/wp-content/uploads/2013/02/20130219_222801.jpg,53.7932167,-1.5499091,"DoubleTree Hotel, 13th Floor, Granary Wharf, 2 Wharf Approach, Leeds LS1 4BR",0113 241 1000,,2.5,3,2.5,1.5,"beer garden,food,sofas"
Slate NQ,Closed venues,http://leedsbeer.info/?p=3187,2015-08-11T21:42:35+00:00,A snazzy pool hall with a beer selection that will run the table. ,http://leedsbeer.info/wp-content/uploads/2015/08/IMG_20150726_192433797.jpg,53.8004837,-1.5418994,"Merrion Street, Leeds LS2 8JE",0113 322 5788,SlateNQ,4,3.5,4,2.5,"beer garden,coffee,food,pool table,sofas"
Smokestack,Bar reviews,http://leedsbeer.info/?p=2076,2013-11-09T18:08:29+00:00,Chilled out speakeasy-style bar with great music and decent beer. Very dark.,http://leedsbeer.info/wp-content/uploads/2013/11/IMG_20131103_191153.jpg,53.7955704,-1.5423024,"159a Lower Briggate, Leeds LS1 6LY",0113 245 2222,SmokestackLeeds,3.5,3.5,3,2.5,"dance floor,food,live music,sofas"
Soba,Bar reviews,http://leedsbeer.info/?p=3108,2015-04-13T21:12:19+00:00,This glass house serves Asian street food and a few decent beers too.,http://leedsbeer.info/wp-content/uploads/2015/04/IMG_20150411_174025921.jpg,53.8003578,-1.5401161,"9a Merrion Street, Leeds LS1 6PQ",0113 242 5128,BarSobaGlasgow,3,3,2.5,2,"beer garden,coffee,dance floor,food"
Sociable Folk,Bar reviews,http://leedsbeer.info/?p=3028,2015-02-28T13:38:21+00:00,A bar and cafe catering to local workers; great food and a couple of crafts got our attention! ,http://leedsbeer.info/wp-content/uploads/2015/02/IMG_20150225_122955269_HDR.jpg,53.7959366,-1.5557343,"10 Wellington Place, Leeds LS1 4AP",0113 243 1840,SociableFolk,2.5,3,4,3,"beer garden,breakfast,coffee,food,free wifi"
Spencer's,Closed venues,http://leedsbeer.info/?p=500,2012-10-21T10:04:37+00:00,Unremarkable but pleasant enough United supporters' pub. Stay away from the toilets!,http://leedsbeer.info/wp-content/uploads/2012/10/20121019_191408.jpg,53.7952538,-1.5457584,"Mill Hill, Leeds LS1 5DQ",0113 243 9070,,1,2,1,3,"arcade games,jukebox,sports"
Stew & Oyster — Calls Landing ,Pub reviews,http://leedsbeer.info/?p=1586,2013-06-06T16:57:48+00:00,"A picturesque spot on The Calls, offering a couple of real ales and absolutely flush with craft bottles. ",http://leedsbeer.info/wp-content/uploads/2013/06/IMAG0037.jpg,53.7946701,-1.5384572,"36-38 The Calls, Leeds LS2 7EW",0113 242 5299,CallsLanding,4.5,4,4,3,"beer garden,coffee,food,quiz,sofas"
Tall Boys Beer Market,Other reviews,http://leedsbeer.info/?p=2900,2014-12-03T17:46:29+00:00,An exciting new bottle shop in the city centre with space to drink in.,http://leedsbeer.info/wp-content/uploads/2014/11/IMG_20141128_160517091.jpg,53.7986145,-1.5427403,"17 Thornton's Arcade, Leeds LS1 6LQ",07592 148113,tallboysleeds,4.5,3.5,2,4,
Tapped Brew Co.,Pub reviews,http://leedsbeer.info/?p=2145,2013-12-14T10:12:10+00:00,This new brewpub is all about the beer. And they've got it nailed.,http://leedsbeer.info/wp-content/uploads/2013/12/IMG_20131210_181816.jpg,53.7959633,-1.5458804,"51 Boar Lane, Leeds LS1 5EL",,TappedLeeds,5,3.5,4,5,"coffee,food,free wifi"
Templar Hotel,Pub reviews,http://leedsbeer.info/?p=1335,2013-04-17T07:41:20+00:00,"Some decent (and well kept) ales, but that's really the only thing this historic pub has got going for it.",http://leedsbeer.info/wp-content/uploads/2013/04/20130414_170040.jpg,53.8000717,-1.5393412,"Templar Street, Leeds LS2 7NU",0113 243 0318,,3,2,1.5,4,"free wifi,sports"
The 212 Café & Bar,Bar reviews,http://leedsbeer.info/?p=2546,2014-08-20T09:59:11+00:00,A cool café-cum-nightclub with a small but good beer selection. ,http://leedsbeer.info/wp-content/uploads/2014/08/IMG_20140812_200904.jpg,53.7936363,-1.5381975,"Brewery Place, Leeds LS10 1NE",07725 674224,,2.5,4,3,3,"beer garden,coffee,dance floor,food"
The Adelphi,Pub reviews,http://leedsbeer.info/?p=1217,2013-03-16T10:47:59+00:00,"Beautiful Victorian inn reinvented as a trendy gastropub. If you can brave the crowds, great food and beer await inside.",http://leedsbeer.info/wp-content/uploads/2013/03/20130311_181607.jpg,53.7933197,-1.5410793,"3-5 Hunslet Road, Leeds LS10 1JQ",0113 245 6377,AdelphiLeeds,4,4.5,4.5,3.5,"beer garden,coffee,food,free wifi,quiz,sunday roasts"
The Alchemist,Bar reviews,http://leedsbeer.info/?p=1306,2013-04-14T11:14:33+00:00,Trinity's swanky cocktail bar has a lot to offer cocktail and food lovers but falls short on the beer side.,http://leedsbeer.info/wp-content/uploads/2013/04/20130407_204052.jpg,53.7961006,-1.5439868,"Level 1, Trinity, LS1 6HW, Leeds",0113 246 0540,TheAlchemistTL,2,2.5,3.5,2.5,"beer garden,coffee,food,sofas"
The Alchemist — Greek Street,Bar reviews,http://leedsbeer.info/?p=3333,2015-12-04T22:36:37+00:00,A hipster-y cocktail bar that doesn't care about beer. ,http://leedsbeer.info/wp-content/uploads/2015/12/IMG_20151118_172802805.jpg,53.798481,-1.5487498,"Yorkshire House, Greek Street, Leeds LS1 5SH",0113 200 5930,thealchemistgs,1.5,2.5,2.5,1.5,"breakfast,coffee,food,free wifi"
The Angel Inn,Pub reviews,http://leedsbeer.info/?p=909,2013-01-25T21:56:02+00:00,"A Sam Smith's pub, with everything these pubs are famous for. And the floors aren't sticky any more!",http://leedsbeer.info/wp-content/uploads/2013/01/20130120_153310.jpg,53.7980461,-1.5427905,"Angel Inn Yard, Briggate, Leeds LS1 6LN",0113 245 1428,,3.5,2.5,2,4.5,"beer garden,food"
The Black Prince,Pub reviews,http://leedsbeer.info/?p=2719,2014-10-13T20:43:24+00:00,ABC: Another Boring Chain(pub). ,http://leedsbeer.info/wp-content/uploads/2014/10/IMG_20141010_193028.jpg,53.7959213,-1.5467286,"40 Boar Lane, Leeds LS1 5DA",0113 245 8063,SizzlingPubs,3,2.5,4,4,"arcade games,breakfast,coffee,food,free wifi,sports"
The Botanist,Pub reviews,http://leedsbeer.info/?p=1297,2013-04-10T20:52:33+00:00,"One of Trinity's two bars, The Botanist is something a little bit different and has an amazing beer selection to boot.",http://leedsbeer.info/wp-content/uploads/2013/04/20130407_192752.jpg,53.7963181,-1.5434182,"67 Boar Lane, Leeds, LS1 6HW",0113 205 3240,TheBotanistTL,4.5,3.5,4,3,"beer garden,coffee,food,free wifi,live music,sunday roasts"
The Brewery Tap,Pub reviews,http://leedsbeer.info/?p=1977,2013-09-21T11:18:02+00:00,There aren't many pubs that can claim to brew a popular lager on site.,http://leedsbeer.info/wp-content/uploads/2013/09/IMG_20130915_140831.jpg,53.7951469,-1.5451723,"18 New Station Street, Leeds LS1 5DL",0113 243 4414,brewerytapleeds,4,3.5,2.5,3.5,"coffee,food"
The Brotherhood of Pursuits and Pastimes ,Bar reviews,http://leedsbeer.info/?p=2869,2014-11-25T08:18:55+00:00,Sports sports sports sports sports. ,http://leedsbeer.info/wp-content/uploads/2014/11/IMG_20141122_185257551.jpg,53.8004379,-1.540795,"54 New Briggate, Leeds LS1 6NU",0113 243 4060,BrotherhoodLds,2,1.5,3,1.5,"coffee,food,pool table,sports"
The Brunswick,Pub reviews,http://leedsbeer.info/?p=3235,2015-09-20T16:27:00+00:00,Leeds's latest craft beer bar is definitely run by people who know what they're doing.,http://leedsbeer.info/wp-content/uploads/2015/09/IMG_20150911_174916437.jpg,53.8020363,-1.5373552,"82 North Street, Leeds LS2 7PN",0113 247 0546,brunswickleeds,5,3.5,3.5,3.5,"coffee,food,free wifi,live music"
The Central,Closed venues,http://leedsbeer.info/?p=2703,2014-10-12T18:09:21+00:00,A few decent beers in a pleasant-enough-but-somewhat-bland atmosphere. ,http://leedsbeer.info/wp-content/uploads/2014/10/IMG_20141007_185841.jpg,53.7968597,-1.5551982,"88 Wellington Street, Leeds LS1 4LT",0113 242 4434,thecentralleeds,3.5,2,2.5,3,"coffee,food,live music,sunday roasts"
The Commercial,Pub reviews,http://leedsbeer.info/?p=411,2012-10-13T10:42:09+00:00,Victorian pub hiding in the most unlikely place. Pleasant enough but very poor beer selection.,http://leedsbeer.info/wp-content/uploads/2012/10/20121012_184251.jpg,53.7884102,-1.5524783,"Sweet Street West, Leeds LS11 9TE",0113 243 3542,,1,2.5,1.5,3,"food,pool table"
The Cross Keys,Pub reviews,http://leedsbeer.info/?p=415,2012-10-13T11:43:14+00:00,"A gastropub with a great beer selection, traditional inn feel, and an important place in Industrial Revolution history. ",http://leedsbeer.info/wp-content/uploads/2012/10/20121012_204429.jpg,53.7916794,-1.5526088,"107 Water Lane, Leeds LS11 5WD",0113 243 3711 ,crosskeysleeds,4.5,3.5,3.5,3.5,"beer garden,coffee,food,free wifi,quiz,sunday roasts"
The Decanter,Bar reviews,http://leedsbeer.info/?p=2357,2014-04-12T15:50:51+00:00,This new wine bar may be an anomaly for Park Row but it's got nothing to draw us back.,http://leedsbeer.info/wp-content/uploads/2014/04/IMG_20140408_174739.jpg,53.7987785,-1.5468729,"17 Park Row, Leeds LS1 5JQ",,decanterleeds,3,2,1,3.5,coffee
The Duncan,Pub reviews,http://leedsbeer.info/?p=1281,2013-04-08T20:47:13+00:00,The last Sam Smith's pub on our crawl; quite frankly better than we expected. ,http://leedsbeer.info/wp-content/uploads/2013/04/20130406_215710.jpg,53.7958641,-1.5414196,"22 Duncan Street, Leeds LS1 6DL",245 9916,duncanpub,2.5,1.5,1.5,4.5,"darts,pool table"
The Elbow Room,Closed venues,http://leedsbeer.info/?p=2325,2014-03-21T08:19:40+00:00,This old pool hall has still got it.,http://leedsbeer.info/wp-content/uploads/2014/03/IMG_20140318_182748.jpg,53.7947693,-1.5418544,"The Elbow Room, 64 Call Lane, Leeds LS1 6DT",0113 227 7661,Elbowroomleeds,2,3,4,2.5,"arcade games,food,live music,pool table,sofas,sports"
The Faversham,Pub reviews,http://leedsbeer.info/?p=1939,2013-09-15T10:56:44+00:00,Surprising little upmarket craft beer house right on the edge of the University campus.,http://leedsbeer.info/wp-content/uploads/2013/09/IMG_20130910_174903.jpg,53.8043518,-1.5573227,"1-5 Springfield Mount, Leeds LS2 9NG", 0113 243 1481,thefaversham,4,4,4,3,"beer garden,coffee,dance floor,food,live music,sofas"
The Fourth Floor Bar ,Bar reviews,http://leedsbeer.info/?p=2648,2014-09-14T16:08:52+00:00,The dining and drinking experience atop Harvey Nichols offers two or three good beer choices along with top-notch service. ,http://leedsbeer.info/wp-content/uploads/2014/09/IMG_20140912_194240.jpg,53.7981339,-1.5414822,"107-111 Briggate, Leeds LS1 6AZ",0113 204 8000,HN_Leeds,2.5,3,3.5,3.5,"beer garden,coffee,food,free wifi"
The George,Pub reviews,http://leedsbeer.info/?p=656,2012-11-08T15:34:32+00:00,A charming pub with a local feel and plenty of cask ales. ,http://leedsbeer.info/wp-content/uploads/2012/11/20121103_205845.jpg,53.8010902,-1.5524343,"69 Great George Street, Leeds LS1 3BB",0113 245 3232,,3,3,2,3.5,"arcade games,coffee,food,sports"
The Griffin,Pub reviews,http://leedsbeer.info/?p=2679,2014-09-27T14:37:31+00:00,The former Griffin Hotel and Censsa gets a makeover by the folks at Taylor Walker. ,http://leedsbeer.info/wp-content/uploads/2014/09/IMG_20140921_150121.jpg,53.7957153,-1.5457952,"31 Boar Lane, Leeds LS1 5DF",0113 244 5220,Griffin_Leeds,3.5,2.5,3.5,3,"coffee,food,free wifi,live music,sports,sunday roasts"
The Grove Inn,Pub reviews,http://leedsbeer.info/?p=417,2012-10-13T13:14:35+00:00,"A gem of a local pub, tucked away behind Bridgewater Place. ",http://leedsbeer.info/wp-content/uploads/2012/10/20121012_214247.jpg,53.7909241,-1.5478787,"Back Row, Leeds LS11 5PL",0113 243 9254,,4,4,3,4,"beer garden,darts,free wifi,live music,quiz"
The Head of Steam,Pub reviews,http://leedsbeer.info/?p=2922,2014-12-29T10:54:26+00:00,Five stars for beer! Good atmosphere and a little something for everyone. ,http://leedsbeer.info/wp-content/uploads/2014/12/IMG_20141213_145139683.jpg,53.7952881,-1.5457343,"Mill Hill, Leeds LS1 5DQ",,hos_leeds,5,3.5,2.5,3.5,"coffee,food"
The Hedonist Project: Liquor & Whisky,Closed venues,http://leedsbeer.info/?p=3412,2016-03-05T11:32:38+00:00,The ever-changing popup now has a permanent home.,http://leedsbeer.info/wp-content/uploads/2016/03/IMG_20160228_163150905.jpg,53.7957649,-1.5423664,"156 Briggate, Leeds LS1 6LY",0113 234 0459,HedonistProject,2.5,3,3,2.5,"breakfast,coffee,food,free wifi"
The Hedonist Project: Mountain Lodge,Bar reviews,http://leedsbeer.info/?p=3582,2016-12-03T18:19:09+00:00,"A ski-themed concept bar, part of the always reinventing-itself Hedonist Project. No good beer to speak of, so we'll be moving on. ",http://leedsbeer.info/wp-content/uploads/2016/12/IMG_20161108_202312.jpg,53.7957077,-1.5423838,"156 Briggate, Leeds LS1 6LY",0113 234 0459,HedonistProject,1,3,1.5,2.5,coffee
The Highland ,Pub reviews,http://leedsbeer.info/?p=2428,2014-05-14T16:35:28+00:00,A charming little pub in the casino-filled no-man's land between Burley and Kirkstall Roads. ,http://leedsbeer.info/wp-content/uploads/2014/05/IMG_20140513_182812.jpg,53.7999306,-1.5617769,"38 Cavendish St, Leeds LS3 1LY",0113 242 7155,,1.5,2.5,2.5,4,"arcade games,beer garden,food,sports"
The Hop,Pub reviews,http://leedsbeer.info/?p=1369,2013-04-23T21:20:19+00:00,This legendary indie music pub in Granary Wharf has a great beers and an unmissable deal from the π Hole.,http://leedsbeer.info/wp-content/uploads/2013/04/20130422_180129.jpg,53.7937317,-1.5491514,"The Dark Arches, Dark Neville Street, Leeds LS1 4BR",0113 243 9854,thehopleeds,4,4,3.5,4.5,"beer garden,coffee,food,free wifi,live music,quiz"
The Horse & Trumpet,Pub reviews,http://leedsbeer.info/?p=2662,2014-09-20T11:30:41+00:00,A chain pub on the Headrow with pretty much nothing remarkable to say about it.,http://leedsbeer.info/wp-content/uploads/2014/09/HT-e1411212520438.jpg,53.7990456,-1.5425223,"51-53 The Headrow, Leeds LS1 6LR",0113 243 0338,,2.5,1.5,3.5,4,"breakfast,coffee,food,free wifi,jukebox,sports"
The Hourglass,Closed venues,http://leedsbeer.info/?p=938,2013-01-29T22:23:30+00:00,Definitely a chain pub but somewhat nicer than most of its kind. Ridiculously cheap food too!,http://leedsbeer.info/wp-content/uploads/2013/01/20130127_185829.jpg,53.795681,-1.5423292,"157 - 158 Lower Briggate, Leeds LS1 6BG",0113 244 2275,HourglassLeeds,2.5,2,4.5,4,"arcade games,breakfast,coffee,food,free wifi,live music,sports"
The Lamb & Flag,Pub reviews,http://leedsbeer.info/?p=3174,2015-08-01T07:29:40+00:00,This beautifully renovated building is a great addition to Leeds Brewery’s empire.,http://leedsbeer.info/wp-content/uploads/2015/07/IMG_20150713_194457514.jpg,53.7952156,-1.5369481,"1 Church Row, Leeds LS2 7HD",0113 243 1255,lambandflaglds,4,4,3.5,3,"beer garden,coffee,food"
The Liquorist,Bar reviews,http://leedsbeer.info/?p=3216,2015-09-16T20:53:43+00:00,"Once a boring Greek Street bar, this spot has been re-opened as a different boring Greek Street bar. ",http://leedsbeer.info/wp-content/uploads/2015/09/IMG_20150817_182044813.jpg,53.7985039,-1.5473872,"5-7 Greek Street, Leeds LS1 5RW",0113 380 0930,LiquoristLeeds,2.5,2.5,3,2,"coffee,food,free wifi"
The Living Room,Closed venues,http://leedsbeer.info/?p=2214,2014-01-23T22:41:53+00:00,"An astoundingly uninteresting Greek Street venue, with a beer selection to match. ",http://leedsbeer.info/wp-content/uploads/2014/01/IMG_20140120_175711.jpg,53.7984848,-1.5473658,"5-7 Greek Street, Leeds LS1 5RW",0113 380 0930	,LivingRoomLeeds,1.5,2,2,3,"coffee,food,live music"
The Lost and Found,Bar reviews,http://leedsbeer.info/?p=3611,2017-01-08T17:45:35+00:00,Greek Street cocktail bar whose dedication to theme gives them a little edge.,http://leedsbeer.info/wp-content/uploads/2017/01/IMG_20161204_124410.jpg,53.7983017,-1.5475649,"12 Greek Street, Leeds LS1 5PT",0113 493 1061,ginnykstevenson,2.5,3.5,3,3.5,"beer garden,coffee,food,free wifi"
The Lounge at Radisson Blu,Bar reviews,http://leedsbeer.info/?p=2348,2014-04-02T10:17:44+00:00,It's a hotel bar. We were tricked into thinking it's something more.,http://leedsbeer.info/wp-content/uploads/2014/04/IMG_20140330_171400.jpg,53.8000031,-1.5468621,"1 The Light, The Headrow, Leeds LS1 8TL",0113 236 6000,RadBluLeeds,1.5,2,2,2,"coffee,food,sofas,sports"
The Maven,Bar reviews,http://leedsbeer.info/?p=2240,2014-02-11T21:26:15+00:00,"A speakeasy with plenty of atmosphere and cocktails, just not too much in the way of beer. ",http://leedsbeer.info/wp-content/uploads/2014/02/IMG_20140202_184931.jpg,53.7964287,-1.5397965,"First Floor, 1 Call Lane, Leeds LS1 7DH",0113 243 6047,TheMavenBar,1,3.5,2,3.5,
The Merchant,Bar reviews,http://leedsbeer.info/?p=1983,2013-09-26T21:02:00+00:00,"A student chain pub, serving dirty food and dirty beer. ",http://leedsbeer.info/wp-content/uploads/2013/09/IMG_20130917_174757.jpg,53.8012199,-1.544735,"20-24 Woodhouse Lane, Leeds LS2 8LX",0113 244 1212,VarsityLeeds,1,1,2,2.5,"arcade games,beer garden,coffee,food,free wifi"
The Midnight Bell,Pub reviews,http://leedsbeer.info/?p=413,2012-10-13T11:39:55+00:00,"Leeds Brewery's flagship pub is always really busy, but if you can get to the bar there's a good selection of beer and decent food on offer.",http://leedsbeer.info/wp-content/uploads/2012/10/20121012_193255.jpg,53.7916527,-1.5519035,"101 Water Lane, Leeds LS11 5QN",0113 244 5044,MidnightBellLds,4,3,4,3.5,"beer garden,coffee,food,sunday roasts"
The New Conservatory,Bar reviews,http://leedsbeer.info/?p=357,2012-10-07T18:06:45+00:00,The most central bar in Leeds has a surprisingly secret feel and great amenities.,http://leedsbeer.info/wp-content/uploads/2012/10/20121005_133054.jpg,53.7977104,-1.5447593,"Albion Place, Leeds LS1 6JL",0113 246 185,NewConservator1,2.5,4,4.5,2.5,"arcade games,beer garden,coffee,food,free wifi,live music,pool table,sofas,sunday roasts"
The New Ellington,Bar reviews,http://leedsbeer.info/?p=253,2012-09-30T21:18:47+00:00,"Not your average hotel bar. A chilled-out spot with great service, an extraordinary gin menu and some decent beer too.",http://leedsbeer.info/wp-content/uploads/2012/09/20120930_172258.jpg,53.7971878,-1.5537918,"23-25a York Place, Leeds LS1 2EY",0113 204 2150,,2.5,4,3,2,"coffee,food,free wifi,sofas"
The New Penny,Bar reviews,http://leedsbeer.info/?p=2783,2014-10-29T20:22:26+00:00,A gay bar with a fun and welcoming atmosphere and a good place to dance. But the beer sucks. ,http://leedsbeer.info/wp-content/uploads/2014/10/IMG_20141025_205903087.jpg,53.7949448,-1.5406003,"57-59 The Calls, Leeds LS1 7BT",0113 243 8055,,0.5,2.5,2,2,"arcade games,dance floor,lgbt"
The Northern Monkey,Closed venues,http://leedsbeer.info/?p=1770,2013-07-30T07:19:16+00:00,"A friendly, unpretentious Northern stereotype, with amazing burgers. Shame about the terrible beer selection!",http://leedsbeer.info/wp-content/uploads/2013/07/IMG_20130724_130306.jpg,53.7994461,-1.5460253,"115 The Headrow, Leeds LS1 5JW",0113 242 6630,NorthernMonkey0,0.5,3,4,3,"breakfast,dance floor,food,jukebox,live music,sports,sunday roasts"
The Office,Bar reviews,http://leedsbeer.info/?p=3004,2015-02-15T23:33:01+00:00,This new after-work bar is very nice but is let down by its beer selection.,http://leedsbeer.info/wp-content/uploads/2015/02/IMG_20150214_171842459.jpg,53.7985611,-1.5496184,"9 East Parade, Leeds LS1 2AJ",,TheOfficeLeeds,2,3.5,1.5,3,
The Old Red Bus Station,Bar reviews,http://leedsbeer.info/?p=3479,2016-04-24T11:15:57+00:00,"A new bar and venue in the renovated old bus station. A bit blah, overall. ",http://leedsbeer.info/wp-content/uploads/2016/04/IMG_20160415_181021801.jpg,53.7995186,-1.5394484,"104 Vicar Lane, Leeds LS2 7NL",07753 331130,OldRedBusSt,2,2.5,2,3,"coffee,dance floor,live music"
The Old Steps,Closed venues,http://leedsbeer.info/?p=880,2013-01-13T20:43:21+00:00,"This financial quarter pub is reaching out to the after-work crowd, but not much else. ",http://leedsbeer.info/wp-content/uploads/2013/01/20130111_202422.jpg,53.7972374,-1.5541112,"26 York Place, Leeds LS1 2EY",0113 245 0482,theoldsteps,2,2,2,2.5,"coffee,food,free wifi"
The Pack Horse,Pub reviews,http://leedsbeer.info/?p=836,2012-12-31T14:02:08+00:00,"In an alley off Briggate, The Pack Horse surprised us with its pleasant atmosphere and excellent beer selection.",http://leedsbeer.info/wp-content/uploads/2012/12/20121229_131204.jpg,53.7975311,-1.5428603,"Pack Horse Yard, Briggate, Leeds LS1 6AT",0113 242 4810,,4,3.5,3,3,"beer garden,coffee,food,live music,sofas"
The Palace,Pub reviews,http://leedsbeer.info/?p=1082,2013-02-14T22:25:35+00:00,A lovely Nicholson's pub worthy of its name.,http://leedsbeer.info/wp-content/uploads/2013/02/20130211_205827.jpg,53.7951126,-1.5349553,"Kirkgate, Leeds LS2 7DJ", 0113 244 5882,ThePalace5,3.5,4,4,3.5,"beer garden,breakfast,coffee,food,free wifi,quiz,sunday roasts"
The Phoenix at The Central,Closed venues,http://leedsbeer.info/?p=3323,2015-12-04T22:42:50+00:00,"The Central has returned, and it's trying to be your go-to for lunch.",http://leedsbeer.info/wp-content/uploads/2015/12/IMG_20151118_192801837.jpg,53.7968254,-1.5551972,"88 Wellington Street, Leeds LS1 4LT",0113 242 4434,,2,3.5,3,3.5,"breakfast,coffee,food,live music"
The Picture House,Pub reviews,http://leedsbeer.info/?p=896,2013-01-16T13:52:02+00:00,A Crown Carvery pub; the carvery is definitely what The Picture House has going for it. ,http://leedsbeer.info/wp-content/uploads/2013/01/20130115_175536.jpg,53.8009148,-1.5445441,"82-90 Merrion Street, Leeds LS2 8LW",0113 246 9297,CrownCarveries,2,2,4,4,"arcade games,beer garden,breakfast,coffee,food,free wifi,sunday roasts"
The Pit,Bar reviews,http://leedsbeer.info/?p=1915,2013-09-04T20:10:13+00:00,"True to its name, this underground venue offers a great range of craft kegs and bottles, as well as ping pong and American-style BBQ. ",http://leedsbeer.info/wp-content/uploads/2013/09/IMG_20130902_210537.jpg,53.8003426,-1.5399098,"9 Merrion Street, Leeds LS1 6PQ",0113 247 0601,ThePitLeeds,3.5,3.5,3.5,2.5,"coffee,dance floor,food"
The Pour House,Pub reviews,http://leedsbeer.info/?p=714,2012-11-19T22:00:29+00:00,"A brand new spot on Granary Wharf, with great food, beautiful views, and an OK-ish beer selection. ",http://leedsbeer.info/wp-content/uploads/2012/11/20121117_143006.jpg,53.792717,-1.5489038,"Canal Wharf, Water Lane, Leeds LS11 5PS",07816 481 492,PourHouseLeeds,2.5,4,3.5,2,"beer garden,coffee,food,quiz,sofas"
The Prince of Wales,Closed venues,http://leedsbeer.info/?p=505,2012-10-21T16:28:20+00:00,Another Leeds United pub along Mill Hill with a few decent beers. Not much more to say. ,http://leedsbeer.info/wp-content/uploads/2012/10/20121019_191419.jpg,53.7951393,-1.54544,"Mill Hill, Leeds LS1 5DQ",0113 245 2434,,2.5,2,1.5,4,"arcade games,darts,sports"
The Reform,Closed venues,http://leedsbeer.info/?p=2480,2014-06-29T21:47:43+00:00,Free pizza with every drink? Why not! ,http://leedsbeer.info/wp-content/uploads/2014/06/IMG_20140626_182453.jpg,53.8004723,-1.5399666,"12 - 14 Merrion St., Leeds LS1 6PQ",0113 244 4080 ,TheReformBar,2.5,3,2,3.5,sofas
The Regent,Pub reviews,http://leedsbeer.info/?p=2500,2014-07-09T21:26:16+00:00,An old-school Leeds pub. We are not old-school Leeds people.,http://leedsbeer.info/wp-content/uploads/2014/07/IMG_20140708_185700.jpg,53.7965736,-1.5400299,"109 Kirkgate, Leeds LS1 6DP",0113 245 6040,,0.5,1,1.5,3,"beer garden,jukebox,karaoke,sports"
The Reliance,Bar reviews,http://leedsbeer.info/?p=484,2012-10-18T20:53:06+00:00,"The most beautiful bar we've seen yet, with a beautiful beer selection to match. A couple of niggles prevent it from ranking at the very top.",http://leedsbeer.info/wp-content/uploads/2012/10/20121017_194043.jpg,53.8017082,-1.5377989,"76-78 North Street, Leeds LS2 7PN",0113 295 6060,,4,3.5,3,2.5,"beer garden,coffee,food,sunday roasts"
The Restaurant Bar & Grill,Bar reviews,http://leedsbeer.info/?p=492,2012-10-20T21:03:12+00:00,"In our eyes, the fantastic location and gorgeous building are the only things this suit-magnet has going for it. ",http://leedsbeer.info/wp-content/uploads/2012/10/20121019_175105.jpg,53.7965584,-1.548022,"The Old Post Office, 3 City Square, Leeds LS1 2AN",0113 244 9625 ,ClubIndividual ,1,0.5,2.5,1,"beer garden,coffee,food,free wifi,sunday roasts"
The Riverside,Bar reviews,http://leedsbeer.info/?p=234,2012-09-26T17:31:45+00:00,"Looks like it's for the staff of the office block above, but is actually a very pleasant spot to relax by the river.",http://leedsbeer.info/wp-content/uploads/2012/09/20120925_123918.jpg,53.7944908,-1.5538768,"1 Whitehall Riverside, Leeds LS1 4BN, ",0113 244 9080,TheRiversideLS1,2.5,4.5,4,2.5,"beer garden,breakfast,coffee,food,free wifi,sofas,sports"
The Rock Bar,Closed venues,http://leedsbeer.info/?p=2955,2015-01-19T22:42:38+00:00,"A piece of Ibiza in Leeds, with a beer selection to match.",http://leedsbeer.info/wp-content/uploads/2015/01/IMG_20150117_222358873.jpg,53.7949028,-1.5414923,"52 Call Lane, Leeds LS1 6DT",0113 246 8232,therockbar,1,2.5,2,1.5,"dance floor,free wifi"
The Scarbrough Hotel,Pub reviews,http://leedsbeer.info/?p=496,2012-10-20T21:28:46+00:00,"The Scabby Taps is famous and rightly busy, but still has charm and good beer.",http://leedsbeer.info/wp-content/uploads/2012/10/20121019_184340.jpg,53.7953644,-1.5463839,"Bishopsgate Street, Leeds LS1 5DY",0113 243 4590,Nicholsonspubs,4,2.5,3,4,"arcade games,beer garden,coffee,food,free wifi"
The Shed Bar,Bar reviews,http://leedsbeer.info/?p=1947,2013-09-15T12:35:57+00:00,Friendly indie music bar in a railway arch.,http://leedsbeer.info/wp-content/uploads/2013/09/IMG_20130911_195226.jpg,53.7947273,-1.5430748,"6 Heatons Court, Leeds LS1 4LJ",0113 244 1198,theshedbar,2.5,3.5,2.5,3.5,beer garden
The Ship,Pub reviews,http://leedsbeer.info/?p=2336,2014-03-31T17:38:51+00:00,"An 18th-century pub with an acceptable selection of cask ales, but not much more. ",http://leedsbeer.info/wp-content/uploads/2014/03/IMG_20140330_160921.jpg,53.7983475,-1.5422823,"71a Briggate, Leeds LS1 6LH",0113 246 8031,,2.5,3,3,3,"beer garden,coffee,food,free wifi,live music,quiz"
The Slug and Lettuce,Bar reviews,http://leedsbeer.info/?p=950,2013-01-30T10:34:29+00:00,"A chavvy chain pub along chavvy Park Row, but not the worst chavvy chain pub in the world. ",http://leedsbeer.info/wp-content/uploads/2013/01/20130128_174818.jpg,53.7984772,-1.5469025,"14 Park Row, Leeds LS1 5NR",0113 244 9209,sluglettuce,1,2,3.5,2.5,"breakfast,coffee,food,free wifi"
The Social,Bar reviews,http://leedsbeer.info/?p=2253,2014-02-15T17:38:15+00:00,A new addition to the city from some of our favourite people. Great beer and great atmosphere!,http://leedsbeer.info/wp-content/uploads/2014/02/IMG_20140213_174434.jpg,53.8005028,-1.5417069,"21 Merrion Street, Leeds LS2 8JE",,thesocialleeds,4,4.5,3,4.5,
The Stone Roses Bar,Other reviews,http://leedsbeer.info/?p=2637,2014-09-14T16:09:34+00:00,"A smelly, sticky dark indie music hall. Perfect.",http://leedsbeer.info/wp-content/uploads/2014/09/IMG_20140912_214343.jpg,53.7948952,-1.542592,"9 Briggate, Leeds LS1 6ER",0113 234 6704,StoneRosesLeeds,1,3,2.5,3.5,dance floor
The Tetley Bar and Kitchen,Bar reviews,http://leedsbeer.info/?p=2267,2014-03-02T17:36:19+00:00,"The headquarters of the old Tetley Brewery — now an art space, bar and restaurant. ",http://leedsbeer.info/wp-content/uploads/2014/02/IMG_20140221_175036.jpg,53.7921791,-1.5396509,"Hunslet Road, Leeds, LS10 1JQ",0113 320 2323,T_BarAndKitchen,3.5,3,4,2.5,"breakfast,coffee,food,free wifi,sofas"
The Turk's Head,Bar reviews,http://leedsbeer.info/?p=3392,2016-02-22T07:46:21+00:00,Leeds's oldest pub has had a serious makeover.,http://leedsbeer.info/wp-content/uploads/2016/02/IMG_20160131_130252550_HDR.jpg,53.7971649,-1.5433204,"4 Turk’s Head Yard, Leeds LS1 6HB",0113 242 3368,TurksHeadLeeds,4,3.5,3,2,"beer garden,food,free wifi,sunday roasts"
The Viaduct Showbar,Bar reviews,http://leedsbeer.info/?p=2713,2014-10-12T18:35:06+00:00,The Viaduct is the place to go for drag shows. But definitely not for decent beer.,http://leedsbeer.info/wp-content/uploads/2014/10/IMG_20141010_191240.jpg,53.7950745,-1.5425813,"Lower Briggate, Leeds LS1 6ER",0113 244 3255,ViaductShowBar,0.5,2,3.5,2,"beer garden,free wifi,karaoke,lgbt,quiz"
The Victoria Hotel,Pub reviews,http://leedsbeer.info/?p=785,2012-12-09T19:23:59+00:00,There's more to The Victoria Hotel than 150-year-old décor (although that's lovely too).,http://leedsbeer.info/wp-content/uploads/2012/12/20121203_180603.jpg,53.800808,-1.5497911,"28 Great George Street, Leeds LS1 3DL",0113 245 1386,Nicholsonspubs,3.5,4,4,3.5,"coffee,food,free wifi,sunday roasts"
The Wardrobe,Bar reviews,http://leedsbeer.info/?p=1044,2013-02-13T07:44:40+00:00,Quarry Hill's only bar is very chilled and has great food.,http://leedsbeer.info/wp-content/uploads/2013/02/20130211_183755.jpg,53.7971039,-1.5336013,"The Wardrobe, St Peter's Square, Leeds LS9 8AH",0113 383 8800,wardrobeleeds,3,4.5,4,3,"coffee,dance floor,food,free wifi,live music,sofas"
The White Rabbit,Bar reviews,http://leedsbeer.info/?p=2991,2015-01-31T15:00:37+00:00,A cool and inviting bar in the basement on York Place with a great selection of bottled crafts. ,http://leedsbeer.info/wp-content/uploads/2015/01/IMG_20150130_220707308.jpg,53.7969627,-1.5521131,"11 York Place, Leeds LS1 2DS",0113 242 1202,,3.5,4,2,3.5,sofas
The White Rose,Pub reviews,http://leedsbeer.info/?p=96,2012-09-16T11:19:25+00:00,Standard mainline station pub. Nothing to love; nothing to hate. ,http://leedsbeer.info/wp-content/uploads/2012/09/20120915_140254.jpg,53.794857,-1.5473708,"Leeds Railway Station, Leeds LS1 4DY",,,1.5,2.5,2.5,2.5,"breakfast,coffee,food,free wifi,sofas"
The White Swan,Pub reviews,http://leedsbeer.info/?p=1549,2013-05-23T22:05:18+00:00,"This historic pub has a new lease of life under Leeds Brewery, with a great beer selection and atmosphere to boot.",http://leedsbeer.info/wp-content/uploads/2013/05/20130521_175131.jpg,53.7989388,-1.5428495,"Swan Street, Leeds LS1 6LG",0113 242 0187,whiteswanleeds,4,4,4,3,"beer garden,coffee,food,live music,quiz,sofas"
The Wood Beneath the World,Closed venues,http://leedsbeer.info/?p=2859,2014-11-25T08:09:07+00:00,"A wood has appeared beneath Leeds Town Hall, and its inhabitants are peddling craft beer!",http://leedsbeer.info/wp-content/uploads/2014/11/IMG_20141122_174954793.jpg,53.7998886,-1.5493512,"Leeds Town Hall, The Headrow, Leeds LS1 3AD",,CellsBar,2.5,4,1.5,3,coffee
The Wrens Hotel,Pub reviews,http://leedsbeer.info/?p=313,2012-10-02T21:34:09+00:00,Nice-enough gastropub with a good selection of ales.,http://leedsbeer.info/wp-content/uploads/2012/10/20121001_175240.jpg,53.8005981,-1.5410258,"61A New Briggate, Leeds LS2 8JD",0113 2458888,,3,2.5,3,3.5,"coffee,food,free wifi,sunday roasts"
Three Legs,Pub reviews,http://leedsbeer.info/?p=1876,2013-08-29T06:33:31+00:00,Ugh. ,http://leedsbeer.info/wp-content/uploads/2013/08/IMG_20130825_190638.jpg,53.798851,-1.5405034,"11 The Headrow, Leeds LS1 6PU",0113 245 6316,,1,1,2,2.5,"arcade games,jukebox,karaoke,pool table"
Tiger Tiger,Bar reviews,http://leedsbeer.info/?p=2294,2014-03-14T08:42:59+00:00,The centre of Leeds's nightlife couldn't be further from the centre of our lives.,http://leedsbeer.info/wp-content/uploads/2014/03/IMG_20140310_174942.jpg,53.8000221,-1.5450919,"The Light, 117 Albion St, Leeds LS2 8DY",0113 236 6999,TigerLeeds,0.5,1,3.5,2,"coffee,dance floor,food,free wifi,karaoke"
Toast Bar + Bistro,Bar reviews,http://leedsbeer.info/?p=278,2012-10-02T06:24:10+00:00,An upmarket football bar focusing on cocktails — nothing special to bring us rushing back.,http://leedsbeer.info/wp-content/uploads/2012/10/20120930_162655.jpg,53.7959328,-1.5532901,"West Point, Wellington Street, Leeds LS1 4JY",0113 243 9546,ToastLeeds,2.5,1,3,2,"beer garden,breakfast,coffee,food,quiz,sports,sunday roasts"
Town Hall Tavern,Pub reviews,http://leedsbeer.info/?p=696,2012-11-14T16:16:31+00:00,A completely refurbished gastropub offering traditional Yorkshire food and Timothy Taylor ales. ,http://leedsbeer.info/wp-content/uploads/2012/11/20121114_123507.jpg,53.7995262,-1.5513806,"17 Westgate, Leeds LS1 2RA",0113 244 0765,TownHallTavern,3,4,3.5,3,"coffee,food,free wifi,sunday roasts"
Trader Dan's Surf Shack,Closed venues,http://leedsbeer.info/?p=3532,2016-08-21T20:45:14+00:00,The latest rotation of The Hedonist Project: a rum-themed surf place with no decent beer. ,http://leedsbeer.info/wp-content/uploads/2016/08/IMG_20160810_171941194.jpg,53.7956734,-1.5422819,"156 Briggate, Leeds LS1 6LY",0113 234 0459,hedonistproject,0.5,2.5,2.5,2,"arcade games,coffee,food"
Twisted Kitchen,Closed venues,http://leedsbeer.info/?p=2549,2014-08-19T22:53:25+00:00,"A new bar on Brewery Place, but so nicheless I can't even think of a good summary for this box.",http://leedsbeer.info/wp-content/uploads/2014/08/IMG_20140812_185546.jpg,53.7938728,-1.5373135,"4 Brewery Place, Leeds LS10 1NE",0113 243 1637,TwistedLeeds,2.5,2.5,2.5,2,"beer garden,coffee,food"
Tyke,Bar reviews,http://leedsbeer.info/?p=1063,2013-02-13T16:52:22+00:00,The only bar in the Gateway complex; so sad for the Gateway complex. ,http://leedsbeer.info/wp-content/uploads/2013/02/20130211_195227.jpg,53.7949753,-1.5331882,"Gateway North, Crown Point Road, Leeds LS9 8BZ",,tykebar,2,1,2.5,2,"arcade games,coffee,food,free wifi,pool table,sofas,sports"
Veeno,Bar reviews,http://leedsbeer.info/?p=2610,2014-09-07T09:35:14+00:00,"A wine bar in the Italian enoteca style, this place is definitely all about the wine. ",http://leedsbeer.info/wp-content/uploads/2014/09/IMG_20140903_175600.jpg,53.7961502,-1.5420028,"7 Duncan Street, Leeds LS1 6DQ",0113 243 3401,veeno_uk,1,2.5,2.5,2.5,"coffee,food"
Veeno (Wellington Place),Bar reviews,http://leedsbeer.info/?p=3644,2017-03-05T12:44:54+00:00,Leeds's second of this franchise--a large and charming wine bar with a small number of Italian crafts on offer. ,http://leedsbeer.info/wp-content/uploads/2017/03/IMG_20170203_185805.jpg,53.795536,-1.5550075,"5 Wellington Place, Leeds LS1 4AP",0113 247 0698,Veeno_UK,2.5,4.5,3.5,3,"beer garden,coffee,food,sofas"
Veritas,Pub reviews,http://leedsbeer.info/?p=393,2012-10-11T19:38:27+00:00,"Great selection of beer and good pub food, but go for the great atmosphere.",http://leedsbeer.info/wp-content/uploads/2012/10/20121010_125049.jpg,53.8009071,-1.5511496,"43 Great George Street, Leeds LS1 3BB",0113 242 8094,Veritas_Leeds,4.5,5,3,2.5,"coffee,food,sunday roasts"
Verve,Bar reviews,http://leedsbeer.info/?p=2939,2015-01-10T15:14:08+00:00,Merrion Street's live music and comedy venue is little more than that.,http://leedsbeer.info/wp-content/uploads/2015/01/IMG_20150106_175110206.jpg,53.8004799,-1.5402184,"16 Merrion Street, Leeds LS1 6PQ",0113 244 2272,VerveMariachi,1.5,3,2.5,2,"beer garden,dance floor,live music"
Vice & Virtue,Bar reviews,http://leedsbeer.info/?p=3453,2016-03-17T21:32:12+00:00,There's a new strip.. I mean cocktail bar in town.,http://leedsbeer.info/wp-content/uploads/2016/03/IMG_20160309_213352921.jpg,53.8005676,-1.5406334,"68 New Briggate, Leeds LS1 6NU",,vandvleeds,2.5,3.5,1.5,3,
Wapentake,Bar reviews,http://leedsbeer.info/?p=3348,2016-01-03T11:56:42+00:00,A little bit of everything comes together perfectly on Leeds's oldest street.,http://leedsbeer.info/wp-content/uploads/2016/01/IMG_20160101_160008283.jpg,53.7960892,-1.5386838,"92 Kirkgate, Leeds LS2 7DJ",0113 243 6248,WapentakeLeeds,3.5,4.5,4.5,3.5,"breakfast,coffee,food,free wifi,sofas,sports"
Wax Bar & Jukejoint,Bar reviews,http://leedsbeer.info/?p=1720,2013-07-15T21:29:19+00:00,They've captured the retro atmosphere of the 80s very well. Shame beer wasn't very good in the 80s.,http://leedsbeer.info/wp-content/uploads/2013/07/IMG_20130710_192221.jpg,53.7993851,-1.5417016,"20 New Briggate, Leeds LS1 6NU",0113 242 9442,WaxBarLeeds,2,2.5,1,2.5,jukebox
West Riding,Pub reviews,http://leedsbeer.info/?p=2031,2013-10-20T16:58:25+00:00,"A nicely renovated pub right near the station, with a rather lacklustre selection of beer. ",http://leedsbeer.info/wp-content/uploads/2013/10/IMG_20131014_174052.jpg,53.7962685,-1.5495586,"38 Wellington Street, Leeds LS1 2DJ",0113 246 8772,,2,3.5,3.5,3.5,"beer garden,coffee,food,jukebox"
Wetherspoon's — Becketts Bank,Pub reviews,http://leedsbeer.info/?p=1210,2013-03-16T10:42:35+00:00,"Just another Wetherspoon's. Not bad, but there are others available.",http://leedsbeer.info/wp-content/uploads/2013/03/20130310_201552.jpg,53.7985878,-1.5472537,"28-30 Park Row, Leeds LS1 5HU",0113 394 5900,BeckettsBank,3.5,2.5,4,3,"arcade games,breakfast,coffee,food,free wifi,sofas,sports,sunday roasts"
Wetherspoon's — Stick or Twist,Pub reviews,http://leedsbeer.info/?p=684,2012-11-14T08:30:35+00:00,"Leeds's earliest Wetherspoon's pub is hiding in a forgotten part of town, but they haven't forgotten about great service and beer.",http://leedsbeer.info/wp-content/uploads/2012/11/20121107_194640.jpg,53.8027229,-1.5430533,"The Podium Site, Merrion Way, Leeds LS2 8PD",0113 234 9748,StickorTwistJDW,4,2.5,4,4,"arcade games,beer garden,breakfast,coffee,food,free wifi,sofas,sunday roasts"
Wetherspoon's — The Cuthbert Brodrick ,Pub reviews,http://leedsbeer.info/?p=602,2012-11-01T14:42:22+00:00,"All the trappings of a Wetherspoon's, plus a great setting and a bit of a local feel. ",http://leedsbeer.info/wp-content/uploads/2012/11/20121030_181729.jpg,53.8017464,-1.5478768,"99 Portland Crescent, Leeds LS2 3AD",0113 204 8570,CuthyBrodrick,3.5,3,4,4,"beer garden,breakfast,coffee,food,free wifi,sofas,sunday roasts"
Wetherspoon's — The Hedley Verity,Pub reviews,http://leedsbeer.info/?p=1636,2013-06-21T20:01:41+00:00,It's a Wetherspoon's. See all our other reviews of Wetherspoon's.,http://leedsbeer.info/wp-content/uploads/2013/06/IMG_20130613_184746.jpg,53.8020248,-1.5457463,"43a Woodhouse Lane, Leeds LS2 8JT",0113 390 7590,HedleyVerityBar,3.5,3,4,4,"arcade games,beer garden,breakfast,coffee,food,free wifi,sofas,sunday roasts"
"Wetherspoon's, Railway Station",Pub reviews,http://leedsbeer.info/?p=88,2012-09-16T11:17:22+00:00,"A great selection of cask ales, if you can make it through the sea of sports fans and hen nights to get to the bar.",http://leedsbeer.info/wp-content/uploads/2012/09/20120913_200655.jpg,53.7956467,-1.5485017,"North Concourse, Leeds Railway Station, Leeds LS1 4DY",0113 247 1676,jdwtweet,3.5,2,3,4,"beer garden,breakfast,coffee,food,free wifi,sunday roasts"
Wharf Chambers,Other reviews,http://leedsbeer.info/?p=962,2013-02-03T19:35:34+00:00,Members-only bar and event space. A welcoming place for all kinds of people to get a decent beer and chill out.,http://leedsbeer.info/wp-content/uploads/2013/02/20130202_190444.jpg,53.7955551,-1.5379143,"23-25 Wharf Street, Leeds LS2 7EQ",,WharfChambersCC,3.5,4,3,4,"beer garden,coffee,free wifi,live music,sofas"
White Cloth Bar,Bar reviews,http://leedsbeer.info/?p=135,2012-09-18T11:35:54+00:00,Little café bar in the White Cloth Gallery. Great atmosphere and decent selection of beers: definitely one to check out!,http://leedsbeer.info/wp-content/uploads/2012/09/20120918_105713.jpg,53.7956352,-1.5502828,"26 Aire Street, Leeds LS1 4HT",0113 218 1923,WhiteClothBar,4,4.5,4,3,"coffee,food,free wifi,membership discount,sofas"
Whitelock's Ale House,Pub reviews,http://leedsbeer.info/?p=2450,2014-06-08T21:20:15+00:00,"Claiming to be Leeds's oldest pub, Whitelock's can boast the historic honour of being our 150th review. ",http://leedsbeer.info/wp-content/uploads/2014/06/IMG_20140528_193507.jpg,53.7971954,-1.5428953,"Turks Head Yard, Leeds LS1 6HB",0113 242 3368,WhitelocksLeeds,3.5,3.5,3,2.5,"beer garden,coffee,food,sunday roasts"
Wino,Bar reviews,http://leedsbeer.info/?p=3232,2015-09-23T20:42:36+00:00,A wine bar serving the financial district. Beer's not the focus but it's a great spot nonetheless. ,http://leedsbeer.info/wp-content/uploads/2015/09/IMG_20150918_191356356.jpg,53.7983017,-1.5531774,"69 St Paul's Street, Leeds LS1 2TE",0113 345 5960,winoleeds_wino,0.5,4,2.5,3.5,"food,free wifi"
"Yates's, Boar Lane",Pub reviews,http://leedsbeer.info/?p=377,2012-10-09T19:24:10+00:00,"A grotty chain pub, fitting in perfectly along grotty Boar Lane. ",http://leedsbeer.info/wp-content/uploads/2012/10/20121009_124113.jpg,53.7956429,-1.5451622,"24–28 Boar Lane, Leeds LS1 5DA",0113 244 8566,StonegatePubs,1.5,1,2.5,3,"arcade games,breakfast,coffee,dance floor,food,free wifi"
"Yates's, Woodhouse Lane",Pub reviews,http://leedsbeer.info/?p=2980,2015-01-29T22:06:50+00:00,A marked improvement on its sibling. Still a chain pub.,http://leedsbeer.info/wp-content/uploads/2015/01/IMG_20150120_180501646.jpg,53.8017006,-1.5455478,"43 Woodhouse Lane, Leeds LS1 3HQ",0113 245 4928,Yates_WHL_Leeds,3,3,3.5,4,"arcade games,beer garden,breakfast,coffee,food,free wifi"
Yum Yum,Other reviews,http://leedsbeer.info/?p=1126,2013-02-23T19:50:40+00:00,"Would we go for a night out in a shop? With a beer selection like this, it would be hard to keep us away!",http://leedsbeer.info/wp-content/uploads/2013/02/20130222_175033.jpg,53.7935677,-1.5374315,"5B Brewery Place, Leeds LS10 1NE",07917 194516,,4.5,3,4,4,"beer garden,breakfast,coffee,food"